policy,question,case_id,case_hash,case_seed,source_count,scenario,complete,verifier_all_ok,world_match,cleared_count,sources_total,clear_rate,t_per_source_s,T_total_virtual,T_move,T_measure,T_switch,T_clear,move_distance_m,n_measures,n_switches,n_clear_attempts,parameter_sha256,metrics_path,ledger_error_s,accepted
v1_frozen,q3,paper_q3_n10_s950000,7a6593237b58b86cee5e80b0c287c99eb5b7499d3b9928bccbd24346edd6983e,950000,10,random,True,True,True,10,10,1.0,470.7612312514273,4707.612312514273,2967.6123125142735,1425.0,265.0,50.0,14838.06156257137,285,265,10,v1-frozen-config,runs/v1_frozen/q3/paper_q3_n10_s950000/metrics.json,0.0,True
v1_frozen,q3,paper_q3_n10_s950001,6e9578549d4b363915ee9bb8dd6425650dfc6221a92773b543f006d262365298,950001,10,random,True,True,True,10,10,1.0,594.1172228245355,5941.172228245355,4046.172228245356,1555.0,290.0,50.0,20230.861141226775,311,290,10,v1-frozen-config,runs/v1_frozen/q3/paper_q3_n10_s950001/metrics.json,9.094947017729282e-13,True
v1_frozen,q3,paper_q3_n10_s950002,356d73bee4329b5e0251a177ef17d08322738d1e81e22652d55eaec8779b034d,950002,10,random,True,True,True,10,10,1.0,412.97234142973366,4129.723414297337,2472.7234142973366,1355.0,252.0,50.0,12363.617071486684,271,252,10,v1-frozen-config,runs/v1_frozen/q3/paper_q3_n10_s950002/metrics.json,0.0,True
v1_frozen,q3,paper_q3_n10_s950003,229d17a7d1155ef74d5350cca718704f1e82937d3892f4d4fa08afc23210214e,950003,10,random,True,True,True,10,10,1.0,648.4255286111845,6484.255286111846,4585.255286111847,1555.0,291.0,53.0,22926.27643055924,311,291,11,v1-frozen-config,runs/v1_frozen/q3/paper_q3_n10_s950003/metrics.json,1.8189894035458565e-12,True
v1_frozen,q3,paper_q3_n10_s950004,326bcd24e7f64c7809ccd9d768ebbeb9702a2d46f3e10b6c910be5b0d8f31100,950004,10,random,True,True,True,10,10,1.0,535.7283177494903,5357.283177494903,3741.2831774949036,1320.0,246.0,50.0,18706.41588747452,264,246,10,v1-frozen-config,runs/v1_frozen/q3/paper_q3_n10_s950004/metrics.json,9.094947017729282e-13,True
v1_frozen,q3,paper_q3_n10_s950005,eae2437cb774d21be431a70fed8ad9d1c4b05daebb9dd84cdf650b32ac6ef41e,950005,10,random,True,True,True,10,10,1.0,566.9174184483645,5669.174184483645,3724.1741844836456,1595.0,297.0,53.0,18620.870922418228,319,297,11,v1-frozen-config,runs/v1_frozen/q3/paper_q3_n10_s950005/metrics.json,0.0,True
v1_frozen,q3,paper_q3_n10_s950006,ee598aa4e45f83eb49bbd22e99e53f7bdca975ce996fcfebeb487715a1c740f6,950006,10,random,True,True,True,10,10,1.0,540.5684419034271,5405.684419034271,3579.6844190342717,1495.0,278.0,53.0,17898.42209517136,299,278,11,v1-frozen-config,runs/v1_frozen/q3/paper_q3_n10_s950006/metrics.json,9.094947017729282e-13,True
v1_frozen,q3,paper_q3_n10_s950007,06845e5f5cdd3dc83914ce6eab8170da7bc7fba4883082077a2224930e16c02c,950007,10,random,True,True,True,10,10,1.0,487.9934097193858,4879.934097193858,3001.934097193858,1540.0,288.0,50.0,15009.670485969293,308,288,10,v1-frozen-config,runs/v1_frozen/q3/paper_q3_n10_s950007/metrics.json,0.0,True
v1_frozen,q3,paper_q3_n10_s950008,ce87a58f99931fc3e322fa2a4c739a578b017b9e8110c4a08da99aa85a45564f,950008,10,random,True,True,True,10,10,1.0,562.4111233389624,5624.111233389624,3581.1112333896262,1680.0,313.0,50.0,17905.55616694813,336,313,10,v1-frozen-config,runs/v1_frozen/q3/paper_q3_n10_s950008/metrics.json,1.8189894035458565e-12,True
v1_frozen,q3,paper_q3_n10_s950009,62b906d64de55e8992ae3428e6fae4826c5952809819c29180cd8018bb388392,950009,10,random,True,True,True,10,10,1.0,523.4488223258551,5234.4882232585505,3316.488223258551,1575.0,293.0,50.0,16582.441116292757,315,293,10,v1-frozen-config,runs/v1_frozen/q3/paper_q3_n10_s950009/metrics.json,9.094947017729282e-13,True
v1_frozen,q3,paper_q3_n10_s950010,3c36f46d77a6680c9f78d237e8037a2ae89c1b7712f3520176c96586843e2d45,950010,10,random,True,True,True,10,10,1.0,470.3480397683202,4703.480397683202,2989.4803976832027,1400.0,261.0,53.0,14947.401988416013,280,261,11,v1-frozen-config,runs/v1_frozen/q3/paper_q3_n10_s950010/metrics.json,9.094947017729282e-13,True
v1_frozen,q3,paper_q3_n10_s950011,b7d0f3b060ddbdb759d30e35915b640ad99008690ae5c12fe0083610e7c22776,950011,10,random,True,True,True,10,10,1.0,526.7708538512958,5267.708538512958,3444.7085385129576,1495.0,278.0,50.0,17223.54269256479,299,278,10,v1-frozen-config,runs/v1_frozen/q3/paper_q3_n10_s950011/metrics.json,0.0,True
v1_frozen,q3,paper_q3_n10_s950012,36405c985c8480d32eec098b89339bef8a994e555e103f27fa9cd9d296ca76dc,950012,10,random,True,True,True,10,10,1.0,525.2595874582446,5252.5958745824455,3616.595874582447,1335.0,251.0,50.0,18082.979372912236,267,251,10,v1-frozen-config,runs/v1_frozen/q3/paper_q3_n10_s950012/metrics.json,9.094947017729282e-13,True
v1_frozen,q3,paper_q3_n10_s950013,c1ae6592a36d6aa84d44cae5db3d8bb24e8527207f0b97cbbbd85f58fb82ec26,950013,10,random,True,True,True,10,10,1.0,564.744253600944,5647.44253600944,3701.442536009441,1595.0,298.0,53.0,18507.2126800472,319,298,11,v1-frozen-config,runs/v1_frozen/q3/paper_q3_n10_s950013/metrics.json,9.094947017729282e-13,True
v1_frozen,q3,paper_q3_n10_s950014,48e901e389067fd08eb9fa0d1b024a26a9dce6fcb76c63363681bd31df605234,950014,10,random,True,True,True,10,10,1.0,541.2470429343113,5412.470429343112,3538.4704293431137,1535.0,286.0,53.0,17692.352146715566,307,286,11,v1-frozen-config,runs/v1_frozen/q3/paper_q3_n10_s950014/metrics.json,9.094947017729282e-13,True
v1_frozen,q3,paper_q3_n10_s950015,2b34643cecf2fe4d0f21f58d5889e7ab7338441d455ef1cbbf7ed76a3ccf8736,950015,10,random,True,True,True,10,10,1.0,526.9016526983451,5269.016526983451,3262.0165269834515,1650.0,307.0,50.0,16310.082634917257,330,307,10,v1-frozen-config,runs/v1_frozen/q3/paper_q3_n10_s950015/metrics.json,9.094947017729282e-13,True
v1_frozen,q3,paper_q3_n10_s950016,0045370052796c531d12bdba2228a6b391e11dd5d29c8e9251fec833e6f0bd4a,950016,10,random,True,True,True,10,10,1.0,507.84716973208987,5078.471697320899,3333.4716973209,1430.0,265.0,50.0,16667.3584866045,286,265,10,v1-frozen-config,runs/v1_frozen/q3/paper_q3_n10_s950016/metrics.json,9.094947017729282e-13,True
v1_frozen,q3,paper_q3_n10_s950017,90d473c78c19a990cce139ccc6d64dfd4353f4ff8cbfd1d2601d11267eba13f8,950017,10,random,True,True,True,10,10,1.0,638.6579594076383,6386.579594076383,4489.579594076382,1555.0,292.0,50.0,22447.897970381913,311,292,10,v1-frozen-config,runs/v1_frozen/q3/paper_q3_n10_s950017/metrics.json,-9.094947017729282e-13,True
v1_frozen,q3,paper_q3_n10_s950018,61194423301a411192a9e86f0ab54f0e46672312f0104504e3625b189cc65754,950018,10,random,True,True,True,10,10,1.0,499.5440842477013,4995.440842477013,2910.4408424770145,1715.0,320.0,50.0,14552.204212385073,343,320,10,v1-frozen-config,runs/v1_frozen/q3/paper_q3_n10_s950018/metrics.json,1.8189894035458565e-12,True
v1_frozen,q3,paper_q3_n10_s950019,84c676869373222ccda06ef4beb1b1c011ec4f7f5c62e7e851501b8989a812fc,950019,10,random,True,True,True,10,10,1.0,577.5819440376715,5775.819440376716,3845.8194403767156,1585.0,295.0,50.0,19229.09720188358,317,295,10,v1-frozen-config,runs/v1_frozen/q3/paper_q3_n10_s950019/metrics.json,0.0,True
v1_frozen,q3,paper_q3_n13_s950020,70903a6bfebcaa4b096857a60679307ae6d82a3c041b5aa4ae2b70a05a39aa70,950020,13,random,True,True,True,13,13,1.0,380.35603520831904,4944.628457708148,3305.628457708147,1325.0,246.0,68.0,16528.142288540737,265,246,14,v1-frozen-config,runs/v1_frozen/q3/paper_q3_n13_s950020/metrics.json,-9.094947017729282e-13,True
v1_frozen,q3,paper_q3_n13_s950021,eb5d84fdb59eaaf9c36ff84feb35cf2ded44221b5089617ef57c0ecb4d7f8e9f,950021,13,random,True,True,True,13,13,1.0,428.0738478258805,5564.960021736446,3799.9600217364464,1435.0,265.0,65.0,18999.800108682233,287,265,13,v1-frozen-config,runs/v1_frozen/q3/paper_q3_n13_s950021/metrics.json,0.0,True
v1_frozen,q3,paper_q3_n13_s950022,0d75e310c9bf1eeb0b68ee8d82ba0f1570d7caf28c78a6bf4fd90640531c6107,950022,13,random,True,True,True,13,13,1.0,490.07442540259314,6370.967530233711,4314.967530233712,1680.0,311.0,65.0,21574.837651168556,336,311,13,v1-frozen-config,runs/v1_frozen/q3/paper_q3_n13_s950022/metrics.json,9.094947017729282e-13,True
v1_frozen,q3,paper_q3_n13_s950023,fe2eab14b6758d61a682e3f930a899279e395f680cfd064f33bf6bc6eff1f72d,950023,13,random,True,True,True,13,13,1.0,508.72381284492866,6613.409566984073,4776.409566984074,1495.0,277.0,65.0,23882.04783492037,299,277,13,v1-frozen-config,runs/v1_frozen/q3/paper_q3_n13_s950023/metrics.json,1.8189894035458565e-12,True
v1_frozen,q3,paper_q3_n13_s950024,fb69bbba3213a340a8a3e636f1f3cec6137ad3809b541867d67c46a205e9333c,950024,13,random,True,True,True,13,13,1.0,429.9013060555057,5588.716978721574,3700.7169787215744,1540.0,283.0,65.0,18503.584893607873,308,283,13,v1-frozen-config,runs/v1_frozen/q3/paper_q3_n13_s950024/metrics.json,0.0,True
v1_frozen,q3,paper_q3_n13_s950025,1ba92005a53f040c7a946c834e2f50455ebf773d06c969461550db1e8d62ed16,950025,13,random,True,True,True,13,13,1.0,399.54156999887743,5194.040409985407,3409.0404099854077,1450.0,267.0,68.0,17045.202049927037,290,267,14,v1-frozen-config,runs/v1_frozen/q3/paper_q3_n13_s950025/metrics.json,9.094947017729282e-13,True
v1_frozen,q3,paper_q3_n13_s950026,cf57e3a436e6a22d8dd064312a321d0aaad781db2d9ea775c6db634bb6d5051d,950026,13,random,True,True,True,13,13,1.0,467.9804507785649,6083.745860121344,4030.745860121345,1680.0,308.0,65.0,20153.729300606723,336,308,13,v1-frozen-config,runs/v1_frozen/q3/paper_q3_n13_s950026/metrics.json,9.094947017729282e-13,True
v1_frozen,q3,paper_q3_n13_s950027,a8aec3feeca6bcf07d63a6305b6d779421822d47f61de17364a0c57468a559ad,950027,13,random,True,True,True,13,13,1.0,449.00231924114905,5837.030150134938,3757.0301501349377,1700.0,315.0,65.0,18785.150750674682,340,315,13,v1-frozen-config,runs/v1_frozen/q3/paper_q3_n13_s950027/metrics.json,0.0,True
v1_frozen,q3,paper_q3_n13_s950028,9b342acbb9254d3046ce702ec0945ff7d4a70f85b4f65c0623c4396731b26cba,950028,13,random,True,True,True,13,13,1.0,392.27543241835707,5099.580621438642,3370.580621438642,1405.0,259.0,65.0,16852.90310719321,281,259,13,v1-frozen-config,runs/v1_frozen/q3/paper_q3_n13_s950028/metrics.json,0.0,True
v1_frozen,q3,paper_q3_n13_s950029,5d5188ceb7e1d95c186f04db045638fee53dfb1b16ca90f136fbd3edff28b62b,950029,13,random,True,True,True,13,13,1.0,391.1433484873453,5084.863530335489,3298.8635303354895,1450.0,268.0,68.0,16494.317651677444,290,268,14,v1-frozen-config,runs/v1_frozen/q3/paper_q3_n13_s950029/metrics.json,9.094947017729282e-13,True
v1_frozen,q3,paper_q3_n13_s950030,63a3cc4abc74124c20e42f5c9b725b7a086fbef265531bf1f452021d430f2ef8,950030,13,random,True,True,True,13,13,1.0,401.72613220710383,5222.43971869235,3423.4397186923507,1460.0,271.0,68.0,17117.198593461748,292,271,14,v1-frozen-config,runs/v1_frozen/q3/paper_q3_n13_s950030/metrics.json,9.094947017729282e-13,True
v1_frozen,q3,paper_q3_n13_s950031,2d7d0b4ae72b0771cc1ebb173d7ae9229ede79fa8fa5eba44a170520bd205b64,950031,13,random,True,True,True,13,13,1.0,410.97704147866955,5342.701539222704,3591.7015392227045,1420.0,263.0,68.0,17958.507696113524,284,263,14,v1-frozen-config,runs/v1_frozen/q3/paper_q3_n13_s950031/metrics.json,0.0,True
v1_frozen,q3,paper_q3_n13_s950032,c3854980d2f89ce1562e9ad4d336b997fbe6f61fa02b3d884efc641627165198,950032,13,random,True,True,True,13,13,1.0,465.54628897860226,6052.10175672183,3968.101756721831,1705.0,314.0,65.0,19840.50878360916,341,314,13,v1-frozen-config,runs/v1_frozen/q3/paper_q3_n13_s950032/metrics.json,1.8189894035458565e-12,True
v1_frozen,q3,paper_q3_n13_s950033,47f9867f34acef1d0f468c94c5d00d5598d9e9d4a693e72a14131ec98bc92b68,950033,13,random,True,True,True,13,13,1.0,466.1794150370123,6060.332395481159,4292.332395481159,1435.0,268.0,65.0,21461.661977405798,287,268,13,v1-frozen-config,runs/v1_frozen/q3/paper_q3_n13_s950033/metrics.json,0.0,True
v1_frozen,q3,paper_q3_n13_s950034,2e86e072ac9bcd83125f07ed8f3d89e6263cdd6e1530b917180a748eb1d129fc,950034,13,random,True,True,True,13,13,1.0,503.1634522204589,6541.124878865966,4471.124878865966,1690.0,312.0,68.0,22355.624394329832,338,312,14,v1-frozen-config,runs/v1_frozen/q3/paper_q3_n13_s950034/metrics.json,0.0,True
v1_frozen,q3,paper_q3_n13_s950035,d279218f230762cec25a9d297b91f0ae5b20664a90925c73aca6e67874158d17,950035,13,random,True,True,True,13,13,1.0,435.1951262414678,5657.536641139081,3726.5366411390823,1575.0,291.0,65.0,18632.683205695415,315,291,13,v1-frozen-config,runs/v1_frozen/q3/paper_q3_n13_s950035/metrics.json,9.094947017729282e-13,True
v1_frozen,q3,paper_q3_n13_s950036,e2be9102e9fcb84235cb86f0b12741d089057c7a8a44d86aae2384c3928c705d,950036,13,random,True,True,True,13,13,1.0,488.558640081908,6351.2623210648035,4483.262321064805,1520.0,280.0,68.0,22416.31160532402,304,280,14,v1-frozen-config,runs/v1_frozen/q3/paper_q3_n13_s950036/metrics.json,1.8189894035458565e-12,True
v1_frozen,q3,paper_q3_n13_s950037,9126ccc6ae38dbcbe56346906ecf7d5d94fb5c081e339cb80c7812c7c2c2bf5a,950037,13,random,True,True,True,13,13,1.0,426.6664417187397,5546.663742343616,3710.663742343617,1495.0,276.0,65.0,18553.318711718086,299,276,13,v1-frozen-config,runs/v1_frozen/q3/paper_q3_n13_s950037/metrics.json,9.094947017729282e-13,True
v1_frozen,q3,paper_q3_n13_s950038,af67676d16ad6e227ce30b70a81568a6e8bee2279d439994c35523884aba56d4,950038,13,random,True,True,True,13,13,1.0,409.8615748689534,5328.200473296394,3507.200473296394,1480.0,273.0,68.0,17536.00236648197,296,273,14,v1-frozen-config,runs/v1_frozen/q3/paper_q3_n13_s950038/metrics.json,0.0,True
v1_frozen,q3,paper_q3_n13_s950039,3817368c3c64c646e0044a6d5e6587ad06c0e561ba4819d08359e077f646224c,950039,13,random,True,True,True,13,13,1.0,485.82681687345246,6315.748619354882,4506.748619354884,1470.0,271.0,68.0,22533.743096774415,294,271,14,v1-frozen-config,runs/v1_frozen/q3/paper_q3_n13_s950039/metrics.json,1.8189894035458565e-12,True
v1_frozen,q3,paper_q3_n16_s950040,372a6ac63171fcb0f8d2d09d61b7c4f3e9ac70509316f5fd4e875c55cf4c373e,950040,16,random,True,True,True,16,16,1.0,330.1680865006639,5282.689384010622,3451.689384010623,1480.0,271.0,80.0,17258.446920053113,296,271,16,v1-frozen-config,runs/v1_frozen/q3/paper_q3_n16_s950040/metrics.json,9.094947017729282e-13,True
v1_frozen,q3,paper_q3_n16_s950041,7013bc1a183c58a4b86368cf23f39a622c307704019dbf412a2ef628f617a426,950041,16,random,True,True,True,16,16,1.0,500.50334575357203,8008.053532057153,6259.053532057153,1405.0,261.0,83.0,31295.26766028577,281,261,17,v1-frozen-config,runs/v1_frozen/q3/paper_q3_n16_s950041/metrics.json,0.0,True
v1_frozen,q3,paper_q3_n16_s950042,8985a0acf9ff3752eff344987a14d37db3a53efe3207d6e80320b0cab10d7908,950042,16,random,True,True,True,16,16,1.0,427.36834764473195,6837.893562315711,5165.893562315713,1345.0,244.0,83.0,25829.46781157857,269,244,17,v1-frozen-config,runs/v1_frozen/q3/paper_q3_n16_s950042/metrics.json,1.8189894035458565e-12,True
v1_frozen,q3,paper_q3_n16_s950043,838c4ab65fb30cf0cb282ba3c6fcb53c26aecca0d6069c1704d5dc8a17057a39,950043,16,random,True,True,True,16,16,1.0,335.0852321132758,5361.363713812413,3749.363713812411,1295.0,237.0,80.0,18746.818569062052,259,237,16,v1-frozen-config,runs/v1_frozen/q3/paper_q3_n16_s950043/metrics.json,-2.7284841053187847e-12,True
v1_frozen,q3,paper_q3_n16_s950044,6fcc4f216a709b6ffab49583c5f5ccfb80ba404980b873b0f64317faf928d271,950044,16,random,True,True,True,16,16,1.0,250.7467172563217,4011.947476101147,2409.947476101147,1285.0,237.0,80.0,12049.737380505734,257,237,16,v1-frozen-config,runs/v1_frozen/q3/paper_q3_n16_s950044/metrics.json,0.0,True
v1_frozen,q3,paper_q3_n16_s950045,e925988c4521667e68dd1b903d3b68dabfbf65596e8bec04f6b1ff87c188fab4,950045,16,random,True,True,True,16,16,1.0,314.9224823449706,5038.75971751953,3073.759717519529,1590.0,295.0,80.0,15368.798587597643,318,295,16,v1-frozen-config,runs/v1_frozen/q3/paper_q3_n16_s950045/metrics.json,0.0,True
v1_frozen,q3,paper_q3_n16_s950046,c0a1489ae1e8e1fe6d48a4008508b8dd1fb69b8ee626c2bd98fd3738ed3ea631,950046,16,random,True,True,True,16,16,1.0,283.19044921977934,4531.047187516469,2829.0471875164694,1370.0,252.0,80.0,14145.235937582343,274,252,16,v1-frozen-config,runs/v1_frozen/q3/paper_q3_n16_s950046/metrics.json,0.0,True
v1_frozen,q3,paper_q3_n16_s950047,036704ea64775d1dc304a02fedd2c349f6aba9c75c30bde13ee49118186d0749,950047,16,random,True,True,True,16,16,1.0,427.2227384286931,6835.56381485909,5041.56381485909,1445.0,266.0,83.0,25207.819074295454,289,266,17,v1-frozen-config,runs/v1_frozen/q3/paper_q3_n16_s950047/metrics.json,0.0,True
v1_frozen,q3,paper_q3_n16_s950048,9027b6e1c14d0444d6be56a029e91132a89953fc48a86ee6ce4ab2da3fb3aced,950048,16,random,True,True,True,16,16,1.0,354.69895318956105,5675.183251032977,4001.1832510329773,1345.0,246.0,83.0,20005.916255164888,269,246,17,v1-frozen-config,runs/v1_frozen/q3/paper_q3_n16_s950048/metrics.json,0.0,True
v1_frozen,q3,paper_q3_n16_s950049,7543e540b56e05cf2bc35a3795d8b6d6b43901365cfd23c47b21f5aaa9b9f23a,950049,16,random,True,True,True,16,16,1.0,361.5266831871367,5784.426930994187,4072.426930994189,1380.0,252.0,80.0,20362.134654970945,276,252,16,v1-frozen-config,runs/v1_frozen/q3/paper_q3_n16_s950049/metrics.json,1.8189894035458565e-12,True
v1_frozen,q3,paper_q3_n16_s950050,c48cbf90cb3e8c2933b76686b9620aa28fc6c649441dbd55321160cb9554c43a,950050,16,random,True,True,True,16,16,1.0,413.9214978984512,6622.743966375219,5008.74396637522,1295.0,233.0,86.0,25043.7198318761,259,233,18,v1-frozen-config,runs/v1_frozen/q3/paper_q3_n16_s950050/metrics.json,9.094947017729282e-13,True
v1_frozen,q3,paper_q3_n16_s950051,cbfbbaeb42d25c087942aa7e4f20396216e71e79a483ddb33bf23ece5db04cf4,950051,16,random,True,True,True,16,16,1.0,380.0164184008596,6080.262694413754,4135.262694413753,1575.0,290.0,80.0,20676.313472068763,315,290,16,v1-frozen-config,runs/v1_frozen/q3/paper_q3_n16_s950051/metrics.json,-9.094947017729282e-13,True
v1_frozen,q3,paper_q3_n16_s950052,7eb42ce9d4b90b14eff5f7c5e114639d05ec7d509ab13d7fb17c2e9e2f9c24d6,950052,16,random,True,True,True,16,16,1.0,394.54803704189607,6312.768592670337,4496.768592670336,1465.0,268.0,83.0,22483.842963351686,293,268,17,v1-frozen-config,runs/v1_frozen/q3/paper_q3_n16_s950052/metrics.json,-9.094947017729282e-13,True
v1_frozen,q3,paper_q3_n16_s950053,12693971ed6436a5f877251cc13c4bbccc90027455d718e8c6849d75a7b6aa7e,950053,16,random,True,True,True,16,16,1.0,326.4790722797427,5223.665156475883,3392.6651564758836,1480.0,271.0,80.0,16963.325782379416,296,271,16,v1-frozen-config,runs/v1_frozen/q3/paper_q3_n16_s950053/metrics.json,0.0,True
v1_frozen,q3,paper_q3_n16_s950054,7671596cbafe749024aaaf80c4a7734c53affbd53c1bfe74bfa1054018fd6a82,950054,16,random,True,True,True,16,16,1.0,381.38919320640883,6102.227091302541,4441.227091302543,1335.0,243.0,83.0,22206.135456512722,267,243,17,v1-frozen-config,runs/v1_frozen/q3/paper_q3_n16_s950054/metrics.json,1.8189894035458565e-12,True
v1_frozen,q3,paper_q3_n16_s950055,c9c8ef5e441bf5f1a98a4a80f8a62d046fb8b3ba1641e492c447bac80a19bec9,950055,16,random,True,True,True,16,16,1.0,422.8261530870221,6765.218449392353,4806.218449392355,1585.0,291.0,83.0,24031.092246961776,317,291,17,v1-frozen-config,runs/v1_frozen/q3/paper_q3_n16_s950055/metrics.json,1.8189894035458565e-12,True
v1_frozen,q3,paper_q3_n16_s950056,2d52a8547d9db19a9d5e4f15537edb498f5796dec973f30fcbf7ed42b13c0184,950056,16,random,True,True,True,16,16,1.0,316.4887506368409,5063.8200101894545,3350.820010189453,1380.0,253.0,80.0,16754.10005094727,276,253,16,v1-frozen-config,runs/v1_frozen/q3/paper_q3_n16_s950056/metrics.json,-1.8189894035458565e-12,True
v1_frozen,q3,paper_q3_n16_s950057,657aecfb851377edc3fcd073d7493c10e45163b09a3b678d80cfece86d9e6055,950057,16,random,True,True,True,16,16,1.0,348.34045203936404,5573.447232629825,3771.4472326298232,1455.0,267.0,80.0,18857.23616314912,291,267,16,v1-frozen-config,runs/v1_frozen/q3/paper_q3_n16_s950057/metrics.json,-9.094947017729282e-13,True
v1_frozen,q3,paper_q3_n16_s950058,01cc62b086c8667a6c0f19e2a0705cdb9931ec4dd63b11aa18ff5d0284201924,950058,16,random,True,True,True,16,16,1.0,334.9381045433846,5359.009672694154,3520.0096726941556,1485.0,274.0,80.0,17600.04836347078,297,274,16,v1-frozen-config,runs/v1_frozen/q3/paper_q3_n16_s950058/metrics.json,1.8189894035458565e-12,True
v1_frozen,q3,paper_q3_n16_s950059,08036235255756fff9b0c757dff29b17d197bf1ecea01afbd5848d449717befd,950059,16,random,True,True,True,16,16,1.0,392.2620802227724,6276.193283564358,4496.193283564359,1435.0,262.0,83.0,22480.966417821797,287,262,17,v1-frozen-config,runs/v1_frozen/q3/paper_q3_n16_s950059/metrics.json,9.094947017729282e-13,True
v1_frozen,q4,paper_q4_n10_s960000,921ea355b3d9146956f61f4ae430d6b93f1e70cdd84e26d3abe69cad19bef54c,960000,10,mixed,True,True,True,10,10,1.0,1435.5111036984986,14355.111036984985,9601.111036984985,3880.0,677.0,197.0,48005.55518492476,776,677,59,v1-frozen-config,runs/v1_frozen/q4/paper_q4_n10_s960000/metrics.json,0.0,True
v1_frozen,q4,paper_q4_n10_s960001,3c2d90f667bad6974cdf0e248fab341486a301486b771273f764547f2751f8cb,960001,10,mixed,True,True,True,10,10,1.0,1383.6544286262808,13836.544286262808,9157.54428626281,3850.0,689.0,140.0,45787.72143131397,770,689,40,v1-frozen-config,runs/v1_frozen/q4/paper_q4_n10_s960001/metrics.json,1.8189894035458565e-12,True
v1_frozen,q4,paper_q4_n10_s960002,4b89a8df99cafd241c47e55af9f95a54b1ee9ea5e16fe7130e2b7163c9f09d32,960002,10,mixed,True,True,True,10,10,1.0,1233.1977383777516,12331.977383777517,8935.97738377752,2825.0,521.0,50.0,44679.886918887605,565,521,10,v1-frozen-config,runs/v1_frozen/q4/paper_q4_n10_s960002/metrics.json,1.8189894035458565e-12,True
v1_frozen,q4,paper_q4_n10_s960003,d5ee7b8cfe10c43ea185cc639804aae71d411b01ee1540fbc540be5e6fa22c0a,960003,10,mixed,True,True,True,10,10,1.0,1171.5313255100823,11715.313255100824,8135.313255100821,2980.0,550.0,50.0,40676.56627550411,596,550,10,v1-frozen-config,runs/v1_frozen/q4/paper_q4_n10_s960003/metrics.json,-3.637978807091713e-12,True
v1_frozen,q4,paper_q4_n10_s960004,1f988b31cf831af5aa25ce187ed6e54272d6b1871772eaa9bb115b1b6d726bd2,960004,10,mixed,True,True,True,10,10,1.0,1393.0642727245934,13930.642727245933,9826.642727245933,3360.0,589.0,155.0,49133.21363622957,672,589,45,v1-frozen-config,runs/v1_frozen/q4/paper_q4_n10_s960004/metrics.json,0.0,True
v1_frozen,q4,paper_q4_n10_s960005,36aded449d8bbfeb55636622cc59a5b1dfcbc8fcf60b6079d88a2a6a4db548bd,960005,10,mixed,True,True,True,10,10,1.0,1768.6353690386272,17686.353690386273,11474.35369038627,4955.0,814.0,443.0,57371.76845193094,991,814,141,v1-frozen-config,runs/v1_frozen/q4/paper_q4_n10_s960005/metrics.json,-3.637978807091713e-12,True
v1_frozen,q4,paper_q4_n10_s960006,c7754a55042641796f5da3b168928bb8ff738fbb0d2e2e310b4d1fb86d611e47,960006,10,mixed,True,True,True,10,10,1.0,1454.7904455685061,14547.904455685062,10429.904455685066,3425.0,634.0,59.0,52149.52227842533,685,634,13,v1-frozen-config,runs/v1_frozen/q4/paper_q4_n10_s960006/metrics.json,3.637978807091713e-12,True
v1_frozen,q4,paper_q4_n10_s960007,c5089d6ba525d50783481797dc61d8eadaf230536dbac78f493ed66526ca66f3,960007,10,mixed,True,True,True,10,10,1.0,1240.133134796074,12401.33134796074,8516.331347960742,3190.0,561.0,134.0,42581.65673980361,638,561,38,v1-frozen-config,runs/v1_frozen/q4/paper_q4_n10_s960007/metrics.json,1.8189894035458565e-12,True
v1_frozen,q4,paper_q4_n10_s960008,a50200084bba6ca5d833b6999a3601288c4f3dd93878e69d939e923b69cc679b,960008,10,mixed,True,True,True,10,10,1.0,1494.4113523411804,14944.113523411805,10759.113523411805,3420.0,598.0,167.0,53795.567617058885,684,598,49,v1-frozen-config,runs/v1_frozen/q4/paper_q4_n10_s960008/metrics.json,0.0,True
v1_frozen,q4,paper_q4_n10_s960009,8e49a81d41852454f8fdbe13137b9782a07dbf23b608ccb0e8f1778d9e0256a4,960009,10,mixed,True,True,True,10,10,1.0,1411.1314468986113,14111.314468986113,10070.314468986113,3295.0,573.0,173.0,50351.57234493042,659,573,51,v1-frozen-config,runs/v1_frozen/q4/paper_q4_n10_s960009/metrics.json,0.0,True
v1_frozen,q4,paper_q4_n10_s960010,d1a4e53a0b827ae62d623b532b77ab5d10c17699e4e4d6eb7f02f22fd4ed50eb,960010,10,mixed,True,True,True,10,10,1.0,1296.4211643519714,12964.211643519713,9362.211643519715,2995.0,548.0,59.0,46811.05821759857,599,548,13,v1-frozen-config,runs/v1_frozen/q4/paper_q4_n10_s960010/metrics.json,1.8189894035458565e-12,True
v1_frozen,q4,paper_q4_n10_s960011,766d81fe94af0b07461fadce21001d3498e149dd464251863bbf8dd6544f916c,960011,10,mixed,True,True,True,10,10,1.0,1316.0313574888064,13160.313574888063,8728.313574888063,3660.0,662.0,110.0,43641.567874440254,732,662,30,v1-frozen-config,runs/v1_frozen/q4/paper_q4_n10_s960011/metrics.json,0.0,True
v1_frozen,q4,paper_q4_n10_s960012,703efdc7a86ef0638cbaa1e4565737490a0ad5e887ed7224cd42d4e47bae2adf,960012,10,mixed,True,True,True,10,10,1.0,1485.2691312224774,14852.691312224773,10060.691312224775,3895.0,673.0,224.0,50303.45656112369,779,673,68,v1-frozen-config,runs/v1_frozen/q4/paper_q4_n10_s960012/metrics.json,1.8189894035458565e-12,True
v1_frozen,q4,paper_q4_n10_s960013,2d87203b18352d2c739222e5b16af035235cf6914cf5b34691e429c40916c91b,960013,10,mixed,True,True,True,10,10,1.0,1761.2338282897995,17612.338282897996,10850.338282897997,5425.0,909.0,428.0,54251.69141448958,1085,909,136,v1-frozen-config,runs/v1_frozen/q4/paper_q4_n10_s960013/metrics.json,0.0,True
v1_frozen,q4,paper_q4_n10_s960014,62fc1daef45c37c33faaab81b3ca9012ca0f078e7fb0911ed4ec97efddb421f1,960014,10,mixed,True,True,True,10,10,1.0,1139.455676837444,11394.55676837444,8039.55676837444,2790.0,512.0,53.0,40197.7838418722,558,512,11,v1-frozen-config,runs/v1_frozen/q4/paper_q4_n10_s960014/metrics.json,1.8189894035458565e-12,True
v1_frozen,q4,paper_q4_n10_s960015,786e0a5748501bd13da2fb5fcf82c3ac6a7ff71e1830c44e7fc76fe4ae746aa5,960015,10,mixed,True,True,True,10,10,1.0,1259.0105915511658,12590.105915511658,8629.105915511658,3245.0,570.0,146.0,43145.52957755817,649,570,42,v1-frozen-config,runs/v1_frozen/q4/paper_q4_n10_s960015/metrics.json,0.0,True
v1_frozen,q4,paper_q4_n10_s960016,289739bdb664f6ba8e2416d3709159e3e5bfb90814c6d43081ebae655f341b30,960016,10,mixed,True,True,True,10,10,1.0,1183.339030763143,11833.39030763143,7774.390307631419,3360.0,610.0,89.0,38871.951538157104,672,610,23,v1-frozen-config,runs/v1_frozen/q4/paper_q4_n10_s960016/metrics.json,-9.094947017729282e-12,True
v1_frozen,q4,paper_q4_n10_s960017,8eec67759a34add255ee4e92aef60de171d284d6d00cd8815965b7338fb036e4,960017,10,mixed,True,True,True,10,10,1.0,1159.698519112551,11596.985191125508,8036.9851911255055,2955.0,540.0,65.0,40184.92595562753,591,540,15,v1-frozen-config,runs/v1_frozen/q4/paper_q4_n10_s960017/metrics.json,-1.8189894035458565e-12,True
v1_frozen,q4,paper_q4_n10_s960018,1147536cb66cc757feeea7b44096f960a97bf1f5905e68d35788554b1c6d15a0,960018,10,mixed,True,True,True,10,10,1.0,1501.8921118451037,15018.921118451037,10969.921118451035,3335.0,604.0,110.0,54849.605592255124,667,604,30,v1-frozen-config,runs/v1_frozen/q4/paper_q4_n10_s960018/metrics.json,-1.8189894035458565e-12,True
v1_frozen,q4,paper_q4_n10_s960019,cf55d3f4e09f53fbb973530d6dd48121c475c525c9101a3c94703aad60256cf0,960019,10,mixed,True,True,True,10,10,1.0,1813.371162364362,18133.71162364362,11589.71162364362,5260.0,883.0,401.0,57948.55811821771,1052,883,127,v1-frozen-config,runs/v1_frozen/q4/paper_q4_n10_s960019/metrics.json,0.0,True
v1_frozen,q4,paper_q4_n13_s960020,63689f503f60656191968a1974085cfc37ec3314975d21949ae247d5f62750db,960020,13,mixed,True,True,True,13,13,1.0,997.531429285532,12967.908580711915,9292.908580711912,3055.0,555.0,65.0,46464.54290355956,611,555,13,v1-frozen-config,runs/v1_frozen/q4/paper_q4_n13_s960020/metrics.json,-3.637978807091713e-12,True
v1_frozen,q4,paper_q4_n13_s960021,da59a83f230a989a4389b3d0fb147032b3e9c24625898e5586587c3b08effa45,960021,13,mixed,True,True,True,13,13,1.0,1165.973735094657,15157.65855623054,11532.65855623054,3000.0,539.0,86.0,57663.2927811527,600,539,20,v1-frozen-config,runs/v1_frozen/q4/paper_q4_n13_s960021/metrics.json,0.0,True
v1_frozen,q4,paper_q4_n13_s960022,b856934f7fd2c17614f85c9714257e6a75eef79290085964bc8a2abb30328a79,960022,13,mixed,True,True,True,13,13,1.0,1003.2760824658391,13042.589072055907,9627.589072055907,2805.0,491.0,119.0,48137.945360279475,561,491,31,v1-frozen-config,runs/v1_frozen/q4/paper_q4_n13_s960022/metrics.json,0.0,True
v1_frozen,q4,paper_q4_n13_s960023,73dcfb7bd5b9d70f599b93be4845294fd3878c2ff63f0ce9a93c9196c65cf773,960023,13,mixed,True,True,True,13,13,1.0,1440.9618684863779,18732.50429032291,11653.504290322913,5680.0,965.0,434.0,58267.52145161416,1136,965,136,v1-frozen-config,runs/v1_frozen/q4/paper_q4_n13_s960023/metrics.json,0.0,True
v1_frozen,q4,paper_q4_n13_s960024,38a2c0e44559dbf6344acd79eef98e5c0c198e7550ecca11e2c300bdd343b50c,960024,13,mixed,True,True,True,13,13,1.0,998.1148795888031,12975.49343465444,9285.49343465444,3055.0,555.0,80.0,46427.46717327219,611,555,18,v1-frozen-config,runs/v1_frozen/q4/paper_q4_n13_s960024/metrics.json,0.0,True
v1_frozen,q4,paper_q4_n13_s960025,048e108d65551ab0d815c96c01cd3d5d06ef334c8d1a23e14df43cce56f36833,960025,13,mixed,True,True,True,13,13,1.0,938.1415167846785,12195.839718200821,8304.839718200816,3230.0,590.0,71.0,41524.19859100408,646,590,15,v1-frozen-config,runs/v1_frozen/q4/paper_q4_n13_s960025/metrics.json,-5.4569682106375694e-12,True
v1_frozen,q4,paper_q4_n13_s960026,19e7f6df43aaec88bc08bc8005282d6159bb14c2c0a93f1f0ad65f8ce416ef48,960026,13,mixed,True,True,True,13,13,1.0,906.0312028528303,11778.405637086795,8595.405637086795,2630.0,479.0,74.0,42977.02818543397,526,479,16,v1-frozen-config,runs/v1_frozen/q4/paper_q4_n13_s960026/metrics.json,0.0,True
v1_frozen,q4,paper_q4_n13_s960027,756b70651e40049d1d338ebf6d75146bf5b18e91b20fc88cbda4ac3767c4cc82,960027,13,mixed,True,True,True,13,13,1.0,1410.6065404253802,18337.885025529944,12018.885025529935,5120.0,894.0,305.0,60094.42512764942,1024,894,93,v1-frozen-config,runs/v1_frozen/q4/paper_q4_n13_s960027/metrics.json,-1.0913936421275139e-11,True
v1_frozen,q4,paper_q4_n13_s960028,1a8375084c77bfd6f73b66fc971c48f37e193de3159b414cf57cdfcce8648805,960028,13,mixed,True,True,True,13,13,1.0,1094.3960003212483,14227.148004176226,10051.148004176228,3430.0,606.0,140.0,50255.74002088107,686,606,38,v1-frozen-config,runs/v1_frozen/q4/paper_q4_n13_s960028/metrics.json,1.8189894035458565e-12,True
v1_frozen,q4,paper_q4_n13_s960029,81ccaaef05b84e491cdb48b3651a5a43514aefca15ac5eea9707b55ffb00cb64,960029,13,mixed,True,True,True,13,13,1.0,1120.9075496286691,14571.798145172697,11029.798145172697,2850.0,471.0,221.0,55148.990725863296,570,471,65,v1-frozen-config,runs/v1_frozen/q4/paper_q4_n13_s960029/metrics.json,0.0,True
v1_frozen,q4,paper_q4_n13_s960030,7df813a2931bfbe45dd7e8ac2ae46cde44d7d180ba8bfba4f0c3c2fa4f2c9203,960030,13,mixed,True,True,True,13,13,1.0,1232.9157044155747,16027.90415740247,11322.90415740247,3845.0,684.0,176.0,56614.520787012225,769,684,50,v1-frozen-config,runs/v1_frozen/q4/paper_q4_n13_s960030/metrics.json,0.0,True
v1_frozen,q4,paper_q4_n13_s960031,ab77ba4813cc42cd6176fa72df97a89a0fb561cfd5643486525070809aea56bd,960031,13,mixed,True,True,True,13,13,1.0,1370.8384812517336,17820.900256272536,12540.90025627254,4265.0,731.0,284.0,62704.50128136245,853,731,86,v1-frozen-config,runs/v1_frozen/q4/paper_q4_n13_s960031/metrics.json,3.637978807091713e-12,True
v1_frozen,q4,paper_q4_n13_s960032,590bf61e38aa3ea8d0fea72214eb8e804a431f67baff57000ed10da5203e5d9d,960032,13,mixed,True,True,True,13,13,1.0,1107.262835941888,14394.416867244543,9699.416867244545,3805.0,654.0,236.0,48497.08433622253,761,654,70,v1-frozen-config,runs/v1_frozen/q4/paper_q4_n13_s960032/metrics.json,1.8189894035458565e-12,True
v1_frozen,q4,paper_q4_n13_s960033,59571e8b32a55aee85314d1ab40058778959067c338bc1a5467c12bad2c01d88,960033,13,mixed,True,True,True,13,13,1.0,1345.7448227661055,17494.68269595937,11284.68269595937,4920.0,787.0,503.0,56423.413479796356,984,787,159,v1-frozen-config,runs/v1_frozen/q4/paper_q4_n13_s960033/metrics.json,0.0,True
v1_frozen,q4,paper_q4_n13_s960034,682abe382b6a39ef8eb4b39517ae6b26f51cfb27adc598d8f6aaa7311bfb3dda,960034,13,mixed,True,True,True,13,13,1.0,1056.772335247596,13738.040358218746,9929.040358218748,3105.0,537.0,167.0,49645.20179109362,621,537,47,v1-frozen-config,runs/v1_frozen/q4/paper_q4_n13_s960034/metrics.json,1.8189894035458565e-12,True
v1_frozen,q4,paper_q4_n13_s960035,3afa99835ca0a05fc46fa2807b6922d97379ddb67325aab8fa1917787bf7b187,960035,13,mixed,True,True,True,13,13,1.0,1090.2143549514903,14172.786614369375,10807.786614369377,2770.0,494.0,101.0,54038.93307184684,554,494,25,v1-frozen-config,runs/v1_frozen/q4/paper_q4_n13_s960035/metrics.json,1.8189894035458565e-12,True
v1_frozen,q4,paper_q4_n13_s960036,bca5d46df0805be4509317ba5a20dd710b4d069117dc817970443fe53d975e1d,960036,13,mixed,True,True,True,13,13,1.0,804.3815961695533,10456.960750204193,7553.960750204192,2405.0,433.0,65.0,37769.80375102096,481,433,13,v1-frozen-config,runs/v1_frozen/q4/paper_q4_n13_s960036/metrics.json,-1.8189894035458565e-12,True
v1_frozen,q4,paper_q4_n13_s960037,d71933808b3bbb5ecfe34dc4f0599b17bcdab8d41dfa7987adcf6cd3dad7aa3e,960037,13,mixed,True,True,True,13,13,1.0,995.0924380080118,12936.201694104153,9401.201694104157,2930.0,534.0,71.0,47006.00847052077,586,534,15,v1-frozen-config,runs/v1_frozen/q4/paper_q4_n13_s960037/metrics.json,3.637978807091713e-12,True
v1_frozen,q4,paper_q4_n13_s960038,16bc05ce0472563f099ec8fa02423b066dca11fb89430baab204cc5af97ecbfb,960038,13,mixed,True,True,True,13,13,1.0,1049.9774782924026,13649.707217801233,10238.707217801233,2830.0,513.0,68.0,51193.53608900617,566,513,14,v1-frozen-config,runs/v1_frozen/q4/paper_q4_n13_s960038/metrics.json,0.0,True
v1_frozen,q4,paper_q4_n13_s960039,72c39acc4abc0865c1cc16b74e5d6c33f79e64afc2b81f6b23a143d4626124da,960039,13,mixed,True,True,True,13,13,1.0,992.5514044764325,12903.168258193622,9351.168258193626,2860.0,477.0,215.0,46755.84129096797,572,477,63,v1-frozen-config,runs/v1_frozen/q4/paper_q4_n13_s960039/metrics.json,3.637978807091713e-12,True
v1_frozen,q4,paper_q4_n16_s960040,b1005a485d954543d249bd4846074706e789f2ced4376ceda599b6fd9450b9c6,960040,16,mixed,True,True,True,16,16,1.0,818.0056206016866,13088.089929626985,9959.089929626985,2535.0,430.0,164.0,49795.44964813483,507,430,44,v1-frozen-config,runs/v1_frozen/q4/paper_q4_n16_s960040/metrics.json,0.0,True
v1_frozen,q4,paper_q4_n16_s960041,d0d4eda9ee7def4375ec93a8a793883f1892eed07ac67321b1595776be4fb9b0,960041,16,mixed,True,True,True,16,16,1.0,1008.0163622272089,16128.261795635342,11655.26179563534,3640.0,624.0,209.0,58276.3089781766,728,624,59,v1-frozen-config,runs/v1_frozen/q4/paper_q4_n16_s960041/metrics.json,-1.8189894035458565e-12,True
v1_frozen,q4,paper_q4_n16_s960042,429d445dee31fd1076a19249d749c7bd99c77ba7636d01b14771e68c4c2d0c94,960042,16,mixed,True,True,True,16,16,1.0,820.9412362336509,13135.059779738414,10025.059779738414,2490.0,399.0,221.0,50125.298898691915,498,399,63,v1-frozen-config,runs/v1_frozen/q4/paper_q4_n16_s960042/metrics.json,0.0,True
v1_frozen,q4,paper_q4_n16_s960043,890edfc43be11ed9cb6673a095c3f9d1f9bd00eee552bcf025424d833eb387b8,960043,16,mixed,True,True,True,16,16,1.0,765.9069990656452,12254.511985050323,9432.511985050325,2295.0,387.0,140.0,47162.559925251546,459,387,36,v1-frozen-config,runs/v1_frozen/q4/paper_q4_n16_s960043/metrics.json,1.8189894035458565e-12,True
v1_frozen,q4,paper_q4_n16_s960044,3e93ad6707a0652a9c98c415187fd78b4c12165d349d1420dd80a0573d745e09,960044,16,mixed,True,True,True,16,16,1.0,982.1738917263741,15714.782267621986,11741.78226762198,3240.0,563.0,170.0,58708.91133810979,648,563,46,v1-frozen-config,runs/v1_frozen/q4/paper_q4_n16_s960044/metrics.json,-5.4569682106375694e-12,True
v1_frozen,q4,paper_q4_n16_s960045,3cad5d7f229b2c51c945985233487543874251e74c0e6b296e648079d13bb7f9,960045,16,mixed,True,True,True,16,16,1.0,724.2611152506475,11588.17784401036,9186.17784401036,1975.0,344.0,83.0,45930.8892200518,395,344,17,v1-frozen-config,runs/v1_frozen/q4/paper_q4_n16_s960045/metrics.json,0.0,True
v1_frozen,q4,paper_q4_n16_s960046,7040da829ed4799b41c8235979675a92458a40cf4d2a21d36f2bd093a8fce226,960046,16,mixed,True,True,True,16,16,1.0,979.3888122518962,15670.220996030339,11361.220996030335,3515.0,615.0,179.0,56806.104980151584,703,615,49,v1-frozen-config,runs/v1_frozen/q4/paper_q4_n16_s960046/metrics.json,-3.637978807091713e-12,True
v1_frozen,q4,paper_q4_n16_s960047,f8ec8de50f5e67238ff9f26f1b06b20e5cee54a52c2ecf8e944bf4566f28650b,960047,16,mixed,True,True,True,16,16,1.0,853.8744130161933,13661.990608259093,10928.990608259095,2230.0,384.0,119.0,54644.953041295434,446,384,29,v1-frozen-config,runs/v1_frozen/q4/paper_q4_n16_s960047/metrics.json,1.8189894035458565e-12,True
v1_frozen,q4,paper_q4_n16_s960048,24b3a08e1ec1170c0cddce56334844156aa2af548365a9cf4896d69405a3be74,960048,16,mixed,True,True,True,16,16,1.0,810.5646588977609,12969.034542364174,10085.034542364174,2335.0,391.0,158.0,50425.172711820764,467,391,42,v1-frozen-config,runs/v1_frozen/q4/paper_q4_n16_s960048/metrics.json,0.0,True
v1_frozen,q4,paper_q4_n16_s960049,9c98e77ebf3bc49595e283c552192c4decebf03b6eada728c4e756a916cf4043,960049,16,mixed,True,True,True,16,16,1.0,778.1015537283907,12449.624859654252,9529.624859654252,2360.0,393.0,167.0,47648.124298271156,472,393,45,v1-frozen-config,runs/v1_frozen/q4/paper_q4_n16_s960049/metrics.json,0.0,True
v1_frozen,q4,paper_q4_n16_s960050,4c29da39e95a72a666d839bdfc3e2f12f3fe62af915ad74e5f93a916493ee72d,960050,16,mixed,True,True,True,16,16,1.0,888.992873829595,14223.88598127352,11209.885981273517,2480.0,433.0,101.0,56049.429906367564,496,433,23,v1-frozen-config,runs/v1_frozen/q4/paper_q4_n16_s960050/metrics.json,-3.637978807091713e-12,True
v1_frozen,q4,paper_q4_n16_s960051,3a7ba2677cfe71015289966abc8bab618fbdab5aac52bf87159b29697354bffb,960051,16,mixed,True,True,True,16,16,1.0,703.90495003058,11262.47920048928,8581.479200489282,2210.0,385.0,86.0,42907.3960024464,442,385,18,v1-frozen-config,runs/v1_frozen/q4/paper_q4_n16_s960051/metrics.json,1.8189894035458565e-12,True
v1_frozen,q4,paper_q4_n16_s960052,64efc316b5c7066cc78ffc5fa9e03f2022e248a5547a0fff712b1db67655f2eb,960052,16,mixed,True,True,True,16,16,1.0,1195.050472444027,19120.807559104433,12073.807559104433,5575.0,894.0,578.0,60369.03779552161,1115,894,182,v1-frozen-config,runs/v1_frozen/q4/paper_q4_n16_s960052/metrics.json,0.0,True
v1_frozen,q4,paper_q4_n16_s960053,7df246795c5f13b0c33ba6cbd4aa1c946cba1de4d90d6bd6674d2717fb8af615,960053,16,mixed,True,True,True,16,16,1.0,928.8744543329612,14861.99126932738,11739.991269327384,2570.0,448.0,104.0,58699.95634663687,514,448,24,v1-frozen-config,runs/v1_frozen/q4/paper_q4_n16_s960053/metrics.json,3.637978807091713e-12,True
v1_frozen,q4,paper_q4_n16_s960054,8206890b9b420cbaea6b693c5cf72b030d8708ed8e056c338d28b1e44d86553c,960054,16,mixed,True,True,True,16,16,1.0,751.0114973540519,12016.18395766483,9001.183957664833,2480.0,434.0,101.0,45005.91978832416,496,434,23,v1-frozen-config,runs/v1_frozen/q4/paper_q4_n16_s960054/metrics.json,1.8189894035458565e-12,True
v1_frozen,q4,paper_q4_n16_s960055,6ff9e44e5b062ac46df867868e4bfdbce3357ab9b37f57f39768831f22daa029,960055,16,mixed,True,True,True,16,16,1.0,812.0209754154487,12992.335606647179,9967.335606647182,2500.0,442.0,83.0,49836.67803323591,500,442,17,v1-frozen-config,runs/v1_frozen/q4/paper_q4_n16_s960055/metrics.json,3.637978807091713e-12,True
v1_frozen,q4,paper_q4_n16_s960056,6b2792b601130b0b46aa97b1ac0735656b2418610783d47c53cab64564495da2,960056,16,mixed,True,True,True,16,16,1.0,759.8755835535734,12158.009336857174,9303.00933685717,2350.0,419.0,86.0,46515.04668428586,470,419,18,v1-frozen-config,runs/v1_frozen/q4/paper_q4_n16_s960056/metrics.json,-3.637978807091713e-12,True
v1_frozen,q4,paper_q4_n16_s960057,6c60a413ad3c5d739c953deb475923dd63ed809d6227e8d1925f0cd9b6100136,960057,16,mixed,True,True,True,16,16,1.0,896.3631216924905,14341.809947079848,10888.809947079846,2790.0,469.0,194.0,54444.04973539911,558,469,54,v1-frozen-config,runs/v1_frozen/q4/paper_q4_n16_s960057/metrics.json,-1.8189894035458565e-12,True
v1_frozen,q4,paper_q4_n16_s960058,0694e76cf04a8b334687d6f66c3b8e5bd22fee936abafbcd9aed87fab9ea8753,960058,16,mixed,True,True,True,16,16,1.0,824.414113078084,13190.625809249344,9722.62580924934,2845.0,501.0,122.0,48613.12904624668,569,501,30,v1-frozen-config,runs/v1_frozen/q4/paper_q4_n16_s960058/metrics.json,-3.637978807091713e-12,True
v1_frozen,q4,paper_q4_n16_s960059,05cc90bed98c2e255fab9f8178fbf5b2a553268aabc778715431067900d5c20d,960059,16,mixed,True,True,True,16,16,1.0,841.4039391360933,13462.463026177493,10385.463026177493,2535.0,450.0,92.0,51927.315130887444,507,450,20,v1-frozen-config,runs/v1_frozen/q4/paper_q4_n16_s960059/metrics.json,0.0,True
v2_final,q3,paper_q3_n10_s950000,7a6593237b58b86cee5e80b0c287c99eb5b7499d3b9928bccbd24346edd6983e,950000,10,random,True,True,True,10,10,1.0,245.53070384379188,2455.307038437919,1705.3070384379184,580.0,114.0,56.0,8526.535192189593,116,114,12,4729540c1c31a4320ee95e5aab56cd5e3b982a41422bc81fe25c88ff0ce01d88,runs/v2_final/q3/paper_q3_n10_s950000/metrics.json,-4.547473508864641e-13,True
v2_final,q3,paper_q3_n10_s950001,6e9578549d4b363915ee9bb8dd6425650dfc6221a92773b543f006d262365298,950001,10,random,True,True,True,10,10,1.0,271.3632563068608,2713.6325630686083,1941.6325630686079,600.0,116.0,56.0,9708.162815343041,120,116,12,4729540c1c31a4320ee95e5aab56cd5e3b982a41422bc81fe25c88ff0ce01d88,runs/v2_final/q3/paper_q3_n10_s950001/metrics.json,-4.547473508864641e-13,True
v2_final,q3,paper_q3_n10_s950002,356d73bee4329b5e0251a177ef17d08322738d1e81e22652d55eaec8779b034d,950002,10,random,True,True,True,10,10,1.0,264.77018532634486,2647.701853263449,1934.701853263449,555.0,108.0,50.0,9673.509266317244,111,108,10,4729540c1c31a4320ee95e5aab56cd5e3b982a41422bc81fe25c88ff0ce01d88,runs/v2_final/q3/paper_q3_n10_s950002/metrics.json,4.547473508864641e-13,True
v2_final,q3,paper_q3_n10_s950003,229d17a7d1155ef74d5350cca718704f1e82937d3892f4d4fa08afc23210214e,950003,10,random,True,True,True,10,10,1.0,288.5263586754616,2885.263586754616,2159.2635867546173,570.0,106.0,50.0,10796.317933773083,114,106,10,4729540c1c31a4320ee95e5aab56cd5e3b982a41422bc81fe25c88ff0ce01d88,runs/v2_final/q3/paper_q3_n10_s950003/metrics.json,1.3642420526593924e-12,True
v2_final,q3,paper_q3_n10_s950004,326bcd24e7f64c7809ccd9d768ebbeb9702a2d46f3e10b6c910be5b0d8f31100,950004,10,random,True,True,True,10,10,1.0,250.6061665305036,2506.061665305036,1749.061665305036,590.0,114.0,53.0,8745.308326525184,118,114,11,4729540c1c31a4320ee95e5aab56cd5e3b982a41422bc81fe25c88ff0ce01d88,runs/v2_final/q3/paper_q3_n10_s950004/metrics.json,0.0,True
v2_final,q3,paper_q3_n10_s950005,eae2437cb774d21be431a70fed8ad9d1c4b05daebb9dd84cdf650b32ac6ef41e,950005,10,random,True,True,True,10,10,1.0,298.0696348600823,2980.696348600823,2183.696348600823,625.0,119.0,53.0,10918.481743004117,125,119,11,4729540c1c31a4320ee95e5aab56cd5e3b982a41422bc81fe25c88ff0ce01d88,runs/v2_final/q3/paper_q3_n10_s950005/metrics.json,0.0,True
v2_final,q3,paper_q3_n10_s950006,ee598aa4e45f83eb49bbd22e99e53f7bdca975ce996fcfebeb487715a1c740f6,950006,10,random,True,True,True,10,10,1.0,283.507235112423,2835.0723511242304,2053.072351124231,615.0,114.0,53.0,10265.361755621154,123,114,11,4729540c1c31a4320ee95e5aab56cd5e3b982a41422bc81fe25c88ff0ce01d88,runs/v2_final/q3/paper_q3_n10_s950006/metrics.json,4.547473508864641e-13,True
v2_final,q3,paper_q3_n10_s950007,06845e5f5cdd3dc83914ce6eab8170da7bc7fba4883082077a2224930e16c02c,950007,10,random,True,True,True,10,10,1.0,296.3700422076025,2963.7004220760255,2189.7004220760255,610.0,114.0,50.0,10948.502110380128,122,114,10,4729540c1c31a4320ee95e5aab56cd5e3b982a41422bc81fe25c88ff0ce01d88,runs/v2_final/q3/paper_q3_n10_s950007/metrics.json,0.0,True
v2_final,q3,paper_q3_n10_s950008,ce87a58f99931fc3e322fa2a4c739a578b017b9e8110c4a08da99aa85a45564f,950008,10,random,True,True,True,10,10,1.0,292.99473435259904,2929.94734352599,2136.9473435259906,620.0,120.0,53.0,10684.736717629956,124,120,11,4729540c1c31a4320ee95e5aab56cd5e3b982a41422bc81fe25c88ff0ce01d88,runs/v2_final/q3/paper_q3_n10_s950008/metrics.json,4.547473508864641e-13,True
v2_final,q3,paper_q3_n10_s950009,62b906d64de55e8992ae3428e6fae4826c5952809819c29180cd8018bb388392,950009,10,random,True,True,True,10,10,1.0,280.99623417792805,2809.9623417792805,2062.9623417792805,585.0,112.0,50.0,10314.811708896399,117,112,10,4729540c1c31a4320ee95e5aab56cd5e3b982a41422bc81fe25c88ff0ce01d88,runs/v2_final/q3/paper_q3_n10_s950009/metrics.json,0.0,True
v2_final,q3,paper_q3_n10_s950010,3c36f46d77a6680c9f78d237e8037a2ae89c1b7712f3520176c96586843e2d45,950010,10,random,True,True,True,10,10,1.0,251.72826169958185,2517.2826169958184,1735.2826169958184,610.0,119.0,53.0,8676.413084979089,122,119,11,4729540c1c31a4320ee95e5aab56cd5e3b982a41422bc81fe25c88ff0ce01d88,runs/v2_final/q3/paper_q3_n10_s950010/metrics.json,0.0,True
v2_final,q3,paper_q3_n10_s950011,b7d0f3b060ddbdb759d30e35915b640ad99008690ae5c12fe0083610e7c22776,950011,10,random,True,True,True,10,10,1.0,259.79801528521455,2597.9801528521452,1871.9801528521452,565.0,111.0,50.0,9359.900764260725,113,111,10,4729540c1c31a4320ee95e5aab56cd5e3b982a41422bc81fe25c88ff0ce01d88,runs/v2_final/q3/paper_q3_n10_s950011/metrics.json,0.0,True
v2_final,q3,paper_q3_n10_s950012,36405c985c8480d32eec098b89339bef8a994e555e103f27fa9cd9d296ca76dc,950012,10,random,True,True,True,10,10,1.0,255.82185641233986,2558.2185641233987,1828.2185641233987,570.0,110.0,50.0,9141.092820616994,114,110,10,4729540c1c31a4320ee95e5aab56cd5e3b982a41422bc81fe25c88ff0ce01d88,runs/v2_final/q3/paper_q3_n10_s950012/metrics.json,0.0,True
v2_final,q3,paper_q3_n10_s950013,c1ae6592a36d6aa84d44cae5db3d8bb24e8527207f0b97cbbbd85f58fb82ec26,950013,10,random,True,True,True,10,10,1.0,290.95033648863875,2909.5033648863878,2137.5033648863887,605.0,114.0,53.0,10687.516824431941,121,114,11,4729540c1c31a4320ee95e5aab56cd5e3b982a41422bc81fe25c88ff0ce01d88,runs/v2_final/q3/paper_q3_n10_s950013/metrics.json,9.094947017729282e-13,True
v2_final,q3,paper_q3_n10_s950014,48e901e389067fd08eb9fa0d1b024a26a9dce6fcb76c63363681bd31df605234,950014,10,random,True,True,True,10,10,1.0,277.1551883156076,2771.5518831560757,2020.5518831560753,585.0,113.0,53.0,10102.759415780374,117,113,11,4729540c1c31a4320ee95e5aab56cd5e3b982a41422bc81fe25c88ff0ce01d88,runs/v2_final/q3/paper_q3_n10_s950014/metrics.json,-4.547473508864641e-13,True
v2_final,q3,paper_q3_n10_s950015,2b34643cecf2fe4d0f21f58d5889e7ab7338441d455ef1cbbf7ed76a3ccf8736,950015,10,random,True,True,True,10,10,1.0,299.1324615647329,2991.324615647329,2195.3246156473283,620.0,117.0,59.0,10976.623078236646,124,117,13,4729540c1c31a4320ee95e5aab56cd5e3b982a41422bc81fe25c88ff0ce01d88,runs/v2_final/q3/paper_q3_n10_s950015/metrics.json,-9.094947017729282e-13,True
v2_final,q3,paper_q3_n10_s950016,0045370052796c531d12bdba2228a6b391e11dd5d29c8e9251fec833e6f0bd4a,950016,10,random,True,True,True,10,10,1.0,246.9986328745835,2469.986328745835,1744.986328745835,565.0,110.0,50.0,8724.931643729176,113,110,10,4729540c1c31a4320ee95e5aab56cd5e3b982a41422bc81fe25c88ff0ce01d88,runs/v2_final/q3/paper_q3_n10_s950016/metrics.json,-4.547473508864641e-13,True
v2_final,q3,paper_q3_n10_s950017,90d473c78c19a990cce139ccc6d64dfd4353f4ff8cbfd1d2601d11267eba13f8,950017,10,random,True,True,True,10,10,1.0,280.9920186492794,2809.9201864927936,2027.9201864927936,615.0,117.0,50.0,10139.600932463969,123,117,10,4729540c1c31a4320ee95e5aab56cd5e3b982a41422bc81fe25c88ff0ce01d88,runs/v2_final/q3/paper_q3_n10_s950017/metrics.json,0.0,True
v2_final,q3,paper_q3_n10_s950018,61194423301a411192a9e86f0ab54f0e46672312f0104504e3625b189cc65754,950018,10,random,True,True,True,10,10,1.0,275.33390580004306,2753.3390580004307,1984.3390580004307,600.0,113.0,56.0,9921.695290002153,120,113,12,4729540c1c31a4320ee95e5aab56cd5e3b982a41422bc81fe25c88ff0ce01d88,runs/v2_final/q3/paper_q3_n10_s950018/metrics.json,0.0,True
v2_final,q3,paper_q3_n10_s950019,84c676869373222ccda06ef4beb1b1c011ec4f7f5c62e7e851501b8989a812fc,950019,10,random,True,True,True,10,10,1.0,283.9148993684295,2839.1489936842945,2045.1489936842943,625.0,119.0,50.0,10225.744968421473,125,119,10,4729540c1c31a4320ee95e5aab56cd5e3b982a41422bc81fe25c88ff0ce01d88,runs/v2_final/q3/paper_q3_n10_s950019/metrics.json,0.0,True
v2_final,q3,paper_q3_n13_s950020,70903a6bfebcaa4b096857a60679307ae6d82a3c041b5aa4ae2b70a05a39aa70,950020,13,random,True,True,True,13,13,1.0,232.80830176286457,3026.5079229172393,2278.5079229172393,570.0,110.0,68.0,11392.539614586198,114,110,14,4729540c1c31a4320ee95e5aab56cd5e3b982a41422bc81fe25c88ff0ce01d88,runs/v2_final/q3/paper_q3_n13_s950020/metrics.json,0.0,True
v2_final,q3,paper_q3_n13_s950021,eb5d84fdb59eaaf9c36ff84feb35cf2ded44221b5089617ef57c0ecb4d7f8e9f,950021,13,random,True,True,True,13,13,1.0,201.11242334978925,2614.4615035472602,1931.4615035472602,510.0,99.0,74.0,9657.3075177363,102,99,16,4729540c1c31a4320ee95e5aab56cd5e3b982a41422bc81fe25c88ff0ce01d88,runs/v2_final/q3/paper_q3_n13_s950021/metrics.json,0.0,True
v2_final,q3,paper_q3_n13_s950022,0d75e310c9bf1eeb0b68ee8d82ba0f1570d7caf28c78a6bf4fd90640531c6107,950022,13,random,True,True,True,13,13,1.0,231.5201074723764,3009.761397140893,2261.7613971408928,570.0,110.0,68.0,11308.80698570447,114,110,14,4729540c1c31a4320ee95e5aab56cd5e3b982a41422bc81fe25c88ff0ce01d88,runs/v2_final/q3/paper_q3_n13_s950022/metrics.json,-4.547473508864641e-13,True
v2_final,q3,paper_q3_n13_s950023,fe2eab14b6758d61a682e3f930a899279e395f680cfd064f33bf6bc6eff1f72d,950023,13,random,True,True,True,13,13,1.0,232.89813995071967,3027.6758193593555,2306.6758193593555,545.0,105.0,71.0,11533.379096796774,109,105,15,4729540c1c31a4320ee95e5aab56cd5e3b982a41422bc81fe25c88ff0ce01d88,runs/v2_final/q3/paper_q3_n13_s950023/metrics.json,0.0,True
v2_final,q3,paper_q3_n13_s950024,fb69bbba3213a340a8a3e636f1f3cec6137ad3809b541867d67c46a205e9333c,950024,13,random,True,True,True,13,13,1.0,216.01090706262056,2808.1417918140673,2095.1417918140683,545.0,103.0,65.0,10475.708959070342,109,103,13,4729540c1c31a4320ee95e5aab56cd5e3b982a41422bc81fe25c88ff0ce01d88,runs/v2_final/q3/paper_q3_n13_s950024/metrics.json,9.094947017729282e-13,True
v2_final,q3,paper_q3_n13_s950025,1ba92005a53f040c7a946c834e2f50455ebf773d06c969461550db1e8d62ed16,950025,13,random,True,True,True,13,13,1.0,217.38740125119043,2826.0362162654756,2115.036216265476,545.0,101.0,65.0,10575.18108132738,109,101,13,4729540c1c31a4320ee95e5aab56cd5e3b982a41422bc81fe25c88ff0ce01d88,runs/v2_final/q3/paper_q3_n13_s950025/metrics.json,4.547473508864641e-13,True
v2_final,q3,paper_q3_n13_s950026,cf57e3a436e6a22d8dd064312a321d0aaad781db2d9ea775c6db634bb6d5051d,950026,13,random,True,True,True,13,13,1.0,229.39865380489397,2982.1824994636218,2261.1824994636218,545.0,105.0,71.0,11305.912497318108,109,105,15,4729540c1c31a4320ee95e5aab56cd5e3b982a41422bc81fe25c88ff0ce01d88,runs/v2_final/q3/paper_q3_n13_s950026/metrics.json,0.0,True
v2_final,q3,paper_q3_n13_s950027,a8aec3feeca6bcf07d63a6305b6d779421822d47f61de17364a0c57468a559ad,950027,13,random,True,True,True,13,13,1.0,243.01393933658753,3159.1812113756378,2392.1812113756378,590.0,109.0,68.0,11960.906056878188,118,109,14,4729540c1c31a4320ee95e5aab56cd5e3b982a41422bc81fe25c88ff0ce01d88,runs/v2_final/q3/paper_q3_n13_s950027/metrics.json,0.0,True
v2_final,q3,paper_q3_n13_s950028,9b342acbb9254d3046ce702ec0945ff7d4a70f85b4f65c0623c4396731b26cba,950028,13,random,True,True,True,13,13,1.0,219.5896661899321,2854.6656604691175,2124.6656604691166,560.0,105.0,65.0,10623.328302345584,112,105,13,4729540c1c31a4320ee95e5aab56cd5e3b982a41422bc81fe25c88ff0ce01d88,runs/v2_final/q3/paper_q3_n13_s950028/metrics.json,-9.094947017729282e-13,True
v2_final,q3,paper_q3_n13_s950029,5d5188ceb7e1d95c186f04db045638fee53dfb1b16ca90f136fbd3edff28b62b,950029,13,random,True,True,True,13,13,1.0,212.4309801492541,2761.6027419403035,2031.602741940303,555.0,107.0,68.0,10158.013709701516,111,107,14,4729540c1c31a4320ee95e5aab56cd5e3b982a41422bc81fe25c88ff0ce01d88,runs/v2_final/q3/paper_q3_n13_s950029/metrics.json,-4.547473508864641e-13,True
v2_final,q3,paper_q3_n13_s950030,63a3cc4abc74124c20e42f5c9b725b7a086fbef265531bf1f452021d430f2ef8,950030,13,random,True,True,True,13,13,1.0,240.9851213291219,3132.806577278585,2347.806577278585,605.0,112.0,68.0,11739.03288639293,121,112,14,4729540c1c31a4320ee95e5aab56cd5e3b982a41422bc81fe25c88ff0ce01d88,runs/v2_final/q3/paper_q3_n13_s950030/metrics.json,0.0,True
v2_final,q3,paper_q3_n13_s950031,2d7d0b4ae72b0771cc1ebb173d7ae9229ede79fa8fa5eba44a170520bd205b64,950031,13,random,True,True,True,13,13,1.0,245.62562960493185,3193.133184864114,2439.1331848641134,575.0,108.0,71.0,12195.665924320569,115,108,15,4729540c1c31a4320ee95e5aab56cd5e3b982a41422bc81fe25c88ff0ce01d88,runs/v2_final/q3/paper_q3_n13_s950031/metrics.json,-4.547473508864641e-13,True
v2_final,q3,paper_q3_n13_s950032,c3854980d2f89ce1562e9ad4d336b997fbe6f61fa02b3d884efc641627165198,950032,13,random,True,True,True,13,13,1.0,261.8575857049762,3404.1486141646906,2632.1486141646897,595.0,112.0,65.0,13160.74307082345,119,112,13,4729540c1c31a4320ee95e5aab56cd5e3b982a41422bc81fe25c88ff0ce01d88,runs/v2_final/q3/paper_q3_n13_s950032/metrics.json,-9.094947017729282e-13,True
v2_final,q3,paper_q3_n13_s950033,47f9867f34acef1d0f468c94c5d00d5598d9e9d4a693e72a14131ec98bc92b68,950033,13,random,True,True,True,13,13,1.0,224.4545227658089,2917.9087959555154,2189.9087959555163,560.0,103.0,65.0,10949.543979777582,112,103,13,4729540c1c31a4320ee95e5aab56cd5e3b982a41422bc81fe25c88ff0ce01d88,runs/v2_final/q3/paper_q3_n13_s950033/metrics.json,9.094947017729282e-13,True
v2_final,q3,paper_q3_n13_s950034,2e86e072ac9bcd83125f07ed8f3d89e6263cdd6e1530b917180a748eb1d129fc,950034,13,random,True,True,True,13,13,1.0,230.46740744755436,2996.0762968182066,2210.076296818206,605.0,116.0,65.0,11050.381484091033,121,116,13,4729540c1c31a4320ee95e5aab56cd5e3b982a41422bc81fe25c88ff0ce01d88,runs/v2_final/q3/paper_q3_n13_s950034/metrics.json,-4.547473508864641e-13,True
v2_final,q3,paper_q3_n13_s950035,d279218f230762cec25a9d297b91f0ae5b20664a90925c73aca6e67874158d17,950035,13,random,True,True,True,13,13,1.0,214.16127193576838,2784.096535164989,2080.0965351649897,530.0,103.0,71.0,10400.482675824947,106,103,15,4729540c1c31a4320ee95e5aab56cd5e3b982a41422bc81fe25c88ff0ce01d88,runs/v2_final/q3/paper_q3_n13_s950035/metrics.json,9.094947017729282e-13,True
v2_final,q3,paper_q3_n13_s950036,e2be9102e9fcb84235cb86f0b12741d089057c7a8a44d86aae2384c3928c705d,950036,13,random,True,True,True,13,13,1.0,231.80224377067935,3013.4291690188315,2320.4291690188315,530.0,98.0,65.0,11602.145845094157,106,98,13,4729540c1c31a4320ee95e5aab56cd5e3b982a41422bc81fe25c88ff0ce01d88,runs/v2_final/q3/paper_q3_n13_s950036/metrics.json,0.0,True
v2_final,q3,paper_q3_n13_s950037,9126ccc6ae38dbcbe56346906ecf7d5d94fb5c081e339cb80c7812c7c2c2bf5a,950037,13,random,True,True,True,13,13,1.0,200.42062807274138,2605.468164945638,1879.468164945637,555.0,106.0,65.0,9397.340824728186,111,106,13,4729540c1c31a4320ee95e5aab56cd5e3b982a41422bc81fe25c88ff0ce01d88,runs/v2_final/q3/paper_q3_n13_s950037/metrics.json,-9.094947017729282e-13,True
v2_final,q3,paper_q3_n13_s950038,af67676d16ad6e227ce30b70a81568a6e8bee2279d439994c35523884aba56d4,950038,13,random,True,True,True,13,13,1.0,222.44850434372773,2891.8305564684606,2172.8305564684606,545.0,106.0,68.0,10864.152782342304,109,106,14,4729540c1c31a4320ee95e5aab56cd5e3b982a41422bc81fe25c88ff0ce01d88,runs/v2_final/q3/paper_q3_n13_s950038/metrics.json,0.0,True
v2_final,q3,paper_q3_n13_s950039,3817368c3c64c646e0044a6d5e6587ad06c0e561ba4819d08359e077f646224c,950039,13,random,True,True,True,13,13,1.0,222.3490312440054,2890.5374061720704,2146.537406172071,565.0,108.0,71.0,10732.687030860352,113,108,15,4729540c1c31a4320ee95e5aab56cd5e3b982a41422bc81fe25c88ff0ce01d88,runs/v2_final/q3/paper_q3_n13_s950039/metrics.json,4.547473508864641e-13,True
v2_final,q3,paper_q3_n16_s950040,372a6ac63171fcb0f8d2d09d61b7c4f3e9ac70509316f5fd4e875c55cf4c373e,950040,16,random,True,True,True,16,16,1.0,195.53222733533394,3128.515637365343,2355.5156373653426,580.0,110.0,83.0,11777.578186826713,116,110,17,4729540c1c31a4320ee95e5aab56cd5e3b982a41422bc81fe25c88ff0ce01d88,runs/v2_final/q3/paper_q3_n16_s950040/metrics.json,-4.547473508864641e-13,True
v2_final,q3,paper_q3_n16_s950041,7013bc1a183c58a4b86368cf23f39a622c307704019dbf412a2ef628f617a426,950041,16,random,True,True,True,16,16,1.0,207.35678925558256,3317.708628089321,2637.708628089321,500.0,91.0,89.0,13188.5431404466,100,91,19,4729540c1c31a4320ee95e5aab56cd5e3b982a41422bc81fe25c88ff0ce01d88,runs/v2_final/q3/paper_q3_n16_s950041/metrics.json,0.0,True
v2_final,q3,paper_q3_n16_s950042,8985a0acf9ff3752eff344987a14d37db3a53efe3207d6e80320b0cab10d7908,950042,16,random,True,True,True,16,16,1.0,186.8141763303141,2989.0268212850256,2326.0268212850247,490.0,90.0,83.0,11630.134106425126,98,90,17,4729540c1c31a4320ee95e5aab56cd5e3b982a41422bc81fe25c88ff0ce01d88,runs/v2_final/q3/paper_q3_n16_s950042/metrics.json,-9.094947017729282e-13,True
v2_final,q3,paper_q3_n16_s950043,838c4ab65fb30cf0cb282ba3c6fcb53c26aecca0d6069c1704d5dc8a17057a39,950043,16,random,True,True,True,16,16,1.0,201.82828182281318,3229.252509165011,2455.252509165011,580.0,108.0,86.0,12276.262545825053,116,108,18,4729540c1c31a4320ee95e5aab56cd5e3b982a41422bc81fe25c88ff0ce01d88,runs/v2_final/q3/paper_q3_n16_s950043/metrics.json,0.0,True
v2_final,q3,paper_q3_n16_s950044,6fcc4f216a709b6ffab49583c5f5ccfb80ba404980b873b0f64317faf928d271,950044,16,random,True,True,True,16,16,1.0,184.55682911128116,2952.9092657804986,2216.9092657804977,545.0,105.0,86.0,11084.546328902492,109,105,18,4729540c1c31a4320ee95e5aab56cd5e3b982a41422bc81fe25c88ff0ce01d88,runs/v2_final/q3/paper_q3_n16_s950044/metrics.json,-9.094947017729282e-13,True
v2_final,q3,paper_q3_n16_s950045,e925988c4521667e68dd1b903d3b68dabfbf65596e8bec04f6b1ff87c188fab4,950045,16,random,True,True,True,16,16,1.0,191.38524068703563,3062.16385099257,2382.16385099257,500.0,94.0,86.0,11910.81925496285,100,94,18,4729540c1c31a4320ee95e5aab56cd5e3b982a41422bc81fe25c88ff0ce01d88,runs/v2_final/q3/paper_q3_n16_s950045/metrics.json,0.0,True
v2_final,q3,paper_q3_n16_s950046,c0a1489ae1e8e1fe6d48a4008508b8dd1fb69b8ee626c2bd98fd3738ed3ea631,950046,16,random,True,True,True,16,16,1.0,170.69132986871472,2731.0612778994355,1988.0612778994353,555.0,105.0,83.0,9940.306389497176,111,105,17,4729540c1c31a4320ee95e5aab56cd5e3b982a41422bc81fe25c88ff0ce01d88,runs/v2_final/q3/paper_q3_n16_s950046/metrics.json,0.0,True
v2_final,q3,paper_q3_n16_s950047,036704ea64775d1dc304a02fedd2c349f6aba9c75c30bde13ee49118186d0749,950047,16,random,True,True,True,16,16,1.0,229.64423579840457,3674.307772774473,2945.307772774473,545.0,98.0,86.0,14726.538863872365,109,98,18,4729540c1c31a4320ee95e5aab56cd5e3b982a41422bc81fe25c88ff0ce01d88,runs/v2_final/q3/paper_q3_n16_s950047/metrics.json,0.0,True
v2_final,q3,paper_q3_n16_s950048,9027b6e1c14d0444d6be56a029e91132a89953fc48a86ee6ce4ab2da3fb3aced,950048,16,random,True,True,True,16,16,1.0,180.4163984572733,2886.6623753163726,2177.6623753163726,525.0,101.0,83.0,10888.311876581865,105,101,17,4729540c1c31a4320ee95e5aab56cd5e3b982a41422bc81fe25c88ff0ce01d88,runs/v2_final/q3/paper_q3_n16_s950048/metrics.json,0.0,True
v2_final,q3,paper_q3_n16_s950049,7543e540b56e05cf2bc35a3795d8b6d6b43901365cfd23c47b21f5aaa9b9f23a,950049,16,random,True,True,True,16,16,1.0,193.2895927132181,3092.6334834114896,2415.6334834114905,500.0,91.0,86.0,12078.167417057452,100,91,18,4729540c1c31a4320ee95e5aab56cd5e3b982a41422bc81fe25c88ff0ce01d88,runs/v2_final/q3/paper_q3_n16_s950049/metrics.json,9.094947017729282e-13,True
v2_final,q3,paper_q3_n16_s950050,c48cbf90cb3e8c2933b76686b9620aa28fc6c649441dbd55321160cb9554c43a,950050,16,random,True,True,True,16,16,1.0,195.00918289330195,3120.1469262928313,2385.146926292832,550.0,105.0,80.0,11925.734631464162,110,105,16,4729540c1c31a4320ee95e5aab56cd5e3b982a41422bc81fe25c88ff0ce01d88,runs/v2_final/q3/paper_q3_n16_s950050/metrics.json,9.094947017729282e-13,True
v2_final,q3,paper_q3_n16_s950051,cbfbbaeb42d25c087942aa7e4f20396216e71e79a483ddb33bf23ece5db04cf4,950051,16,random,True,True,True,16,16,1.0,214.2074922387285,3427.319875819656,2684.319875819656,555.0,105.0,83.0,13421.59937909828,111,105,17,4729540c1c31a4320ee95e5aab56cd5e3b982a41422bc81fe25c88ff0ce01d88,runs/v2_final/q3/paper_q3_n16_s950051/metrics.json,0.0,True
v2_final,q3,paper_q3_n16_s950052,7eb42ce9d4b90b14eff5f7c5e114639d05ec7d509ab13d7fb17c2e9e2f9c24d6,950052,16,random,True,True,True,16,16,1.0,201.6518406197659,3226.4294499162543,2497.4294499162547,545.0,101.0,83.0,12487.147249581274,109,101,17,4729540c1c31a4320ee95e5aab56cd5e3b982a41422bc81fe25c88ff0ce01d88,runs/v2_final/q3/paper_q3_n16_s950052/metrics.json,4.547473508864641e-13,True
v2_final,q3,paper_q3_n16_s950053,12693971ed6436a5f877251cc13c4bbccc90027455d718e8c6849d75a7b6aa7e,950053,16,random,True,True,True,16,16,1.0,199.77843209904626,3196.45491358474,2509.4549135847396,510.0,97.0,80.0,12547.274567923694,102,97,16,4729540c1c31a4320ee95e5aab56cd5e3b982a41422bc81fe25c88ff0ce01d88,runs/v2_final/q3/paper_q3_n16_s950053/metrics.json,-4.547473508864641e-13,True
v2_final,q3,paper_q3_n16_s950054,7671596cbafe749024aaaf80c4a7734c53affbd53c1bfe74bfa1054018fd6a82,950054,16,random,True,True,True,16,16,1.0,195.7395779010671,3131.8332464170735,2474.8332464170726,485.0,92.0,80.0,12374.166232085361,97,92,16,4729540c1c31a4320ee95e5aab56cd5e3b982a41422bc81fe25c88ff0ce01d88,runs/v2_final/q3/paper_q3_n16_s950054/metrics.json,-9.094947017729282e-13,True
v2_final,q3,paper_q3_n16_s950055,c9c8ef5e441bf5f1a98a4a80f8a62d046fb8b3ba1641e492c447bac80a19bec9,950055,16,random,True,True,True,16,16,1.0,226.37410666400154,3621.9857066240247,2831.9857066240243,590.0,108.0,92.0,14159.928533120119,118,108,20,4729540c1c31a4320ee95e5aab56cd5e3b982a41422bc81fe25c88ff0ce01d88,runs/v2_final/q3/paper_q3_n16_s950055/metrics.json,-4.547473508864641e-13,True
v2_final,q3,paper_q3_n16_s950056,2d52a8547d9db19a9d5e4f15537edb498f5796dec973f30fcbf7ed42b13c0184,950056,16,random,True,True,True,16,16,1.0,168.401772980832,2694.428367693312,2076.4283676933114,450.0,85.0,83.0,10382.14183846656,90,85,17,4729540c1c31a4320ee95e5aab56cd5e3b982a41422bc81fe25c88ff0ce01d88,runs/v2_final/q3/paper_q3_n16_s950056/metrics.json,-4.547473508864641e-13,True
v2_final,q3,paper_q3_n16_s950057,657aecfb851377edc3fcd073d7493c10e45163b09a3b678d80cfece86d9e6055,950057,16,random,True,True,True,16,16,1.0,197.14368772115267,3154.299003538443,2465.299003538443,505.0,95.0,89.0,12326.495017692216,101,95,19,4729540c1c31a4320ee95e5aab56cd5e3b982a41422bc81fe25c88ff0ce01d88,runs/v2_final/q3/paper_q3_n16_s950057/metrics.json,0.0,True
v2_final,q3,paper_q3_n16_s950058,01cc62b086c8667a6c0f19e2a0705cdb9931ec4dd63b11aa18ff5d0284201924,950058,16,random,True,True,True,16,16,1.0,194.42905397551766,3110.8648636082826,2346.864863608282,575.0,106.0,83.0,11734.324318041408,115,106,17,4729540c1c31a4320ee95e5aab56cd5e3b982a41422bc81fe25c88ff0ce01d88,runs/v2_final/q3/paper_q3_n16_s950058/metrics.json,-4.547473508864641e-13,True
v2_final,q3,paper_q3_n16_s950059,08036235255756fff9b0c757dff29b17d197bf1ecea01afbd5848d449717befd,950059,16,random,True,True,True,16,16,1.0,210.31788796988874,3365.08620751822,2649.0862075182204,535.0,98.0,83.0,13245.431037591099,107,98,17,4729540c1c31a4320ee95e5aab56cd5e3b982a41422bc81fe25c88ff0ce01d88,runs/v2_final/q3/paper_q3_n16_s950059/metrics.json,4.547473508864641e-13,True
v2_final,q4,paper_q4_n10_s960000,921ea355b3d9146956f61f4ae430d6b93f1e70cdd84e26d3abe69cad19bef54c,960000,10,mixed,True,True,True,10,10,1.0,616.2958664818664,6162.958664818663,4295.958664818663,1525.0,289.0,53.0,21479.793324093313,305,289,11,afdc6cdd1944b0f85ad1535a00539758f1b47104261f720693ac0ead3d2f31ad,runs/v2_final/q4/paper_q4_n10_s960000/metrics.json,0.0,True
v2_final,q4,paper_q4_n10_s960001,3c2d90f667bad6974cdf0e248fab341486a301486b771273f764547f2751f8cb,960001,10,mixed,True,True,True,10,10,1.0,611.3494901025755,6113.494901025755,4249.494901025756,1525.0,289.0,50.0,21247.474505128783,305,289,10,afdc6cdd1944b0f85ad1535a00539758f1b47104261f720693ac0ead3d2f31ad,runs/v2_final/q4/paper_q4_n10_s960001/metrics.json,9.094947017729282e-13,True
v2_final,q4,paper_q4_n10_s960002,4b89a8df99cafd241c47e55af9f95a54b1ee9ea5e16fe7130e2b7163c9f09d32,960002,10,mixed,True,True,True,10,10,1.0,563.7497472242784,5637.497472242784,3919.4974722427846,1400.0,262.0,56.0,19597.487361213924,280,262,12,afdc6cdd1944b0f85ad1535a00539758f1b47104261f720693ac0ead3d2f31ad,runs/v2_final/q4/paper_q4_n10_s960002/metrics.json,9.094947017729282e-13,True
v2_final,q4,paper_q4_n10_s960003,d5ee7b8cfe10c43ea185cc639804aae71d411b01ee1540fbc540be5e6fa22c0a,960003,10,mixed,True,True,True,10,10,1.0,556.5005085466586,5565.005085466586,3933.005085466586,1325.0,254.0,53.0,19665.025427332934,265,254,11,afdc6cdd1944b0f85ad1535a00539758f1b47104261f720693ac0ead3d2f31ad,runs/v2_final/q4/paper_q4_n10_s960003/metrics.json,0.0,True
v2_final,q4,paper_q4_n10_s960004,1f988b31cf831af5aa25ce187ed6e54272d6b1871772eaa9bb115b1b6d726bd2,960004,10,mixed,True,True,True,10,10,1.0,575.8486781255233,5758.486781255233,4008.4867812552347,1425.0,266.0,59.0,20042.433906276176,285,266,13,afdc6cdd1944b0f85ad1535a00539758f1b47104261f720693ac0ead3d2f31ad,runs/v2_final/q4/paper_q4_n10_s960004/metrics.json,1.8189894035458565e-12,True
v2_final,q4,paper_q4_n10_s960005,36aded449d8bbfeb55636622cc59a5b1dfcbc8fcf60b6079d88a2a6a4db548bd,960005,10,mixed,True,True,True,10,10,1.0,625.7732530203161,6257.732530203161,4432.732530203162,1495.0,280.0,50.0,22163.66265101581,299,280,10,afdc6cdd1944b0f85ad1535a00539758f1b47104261f720693ac0ead3d2f31ad,runs/v2_final/q4/paper_q4_n10_s960005/metrics.json,9.094947017729282e-13,True
v2_final,q4,paper_q4_n10_s960006,c7754a55042641796f5da3b168928bb8ff738fbb0d2e2e310b4d1fb86d611e47,960006,10,mixed,True,True,True,10,10,1.0,566.9233381553933,5669.233381553932,3880.2333815539323,1455.0,281.0,53.0,19401.166907769664,291,281,11,afdc6cdd1944b0f85ad1535a00539758f1b47104261f720693ac0ead3d2f31ad,runs/v2_final/q4/paper_q4_n10_s960006/metrics.json,0.0,True
v2_final,q4,paper_q4_n10_s960007,c5089d6ba525d50783481797dc61d8eadaf230536dbac78f493ed66526ca66f3,960007,10,mixed,True,True,True,10,10,1.0,643.2647210137787,6432.647210137788,4644.647210137787,1455.0,274.0,59.0,23223.236050688927,291,274,13,afdc6cdd1944b0f85ad1535a00539758f1b47104261f720693ac0ead3d2f31ad,runs/v2_final/q4/paper_q4_n10_s960007/metrics.json,-9.094947017729282e-13,True
v2_final,q4,paper_q4_n10_s960008,a50200084bba6ca5d833b6999a3601288c4f3dd93878e69d939e923b69cc679b,960008,10,mixed,True,True,True,10,10,1.0,574.5684063838329,5745.684063838329,3952.684063838328,1460.0,283.0,50.0,19763.42031919164,292,283,10,afdc6cdd1944b0f85ad1535a00539758f1b47104261f720693ac0ead3d2f31ad,runs/v2_final/q4/paper_q4_n10_s960008/metrics.json,-1.8189894035458565e-12,True
v2_final,q4,paper_q4_n10_s960009,8e49a81d41852454f8fdbe13137b9782a07dbf23b608ccb0e8f1778d9e0256a4,960009,10,mixed,True,True,True,10,10,1.0,606.3969728713143,6063.969728713143,4223.969728713144,1500.0,287.0,53.0,21119.84864356572,300,287,11,afdc6cdd1944b0f85ad1535a00539758f1b47104261f720693ac0ead3d2f31ad,runs/v2_final/q4/paper_q4_n10_s960009/metrics.json,9.094947017729282e-13,True
v2_final,q4,paper_q4_n10_s960010,d1a4e53a0b827ae62d623b532b77ab5d10c17699e4e4d6eb7f02f22fd4ed50eb,960010,10,mixed,True,True,True,10,10,1.0,561.0610443444559,5610.61044344456,3915.610443444559,1370.0,263.0,62.0,19578.0522172228,274,263,14,afdc6cdd1944b0f85ad1535a00539758f1b47104261f720693ac0ead3d2f31ad,runs/v2_final/q4/paper_q4_n10_s960010/metrics.json,-9.094947017729282e-13,True
v2_final,q4,paper_q4_n10_s960011,766d81fe94af0b07461fadce21001d3498e149dd464251863bbf8dd6544f916c,960011,10,mixed,True,True,True,10,10,1.0,567.7699205136619,5677.699205136619,3989.6992051366187,1375.0,260.0,53.0,19948.496025683093,275,260,11,afdc6cdd1944b0f85ad1535a00539758f1b47104261f720693ac0ead3d2f31ad,runs/v2_final/q4/paper_q4_n10_s960011/metrics.json,0.0,True
v2_final,q4,paper_q4_n10_s960012,703efdc7a86ef0638cbaa1e4565737490a0ad5e887ed7224cd42d4e47bae2adf,960012,10,mixed,True,True,True,10,10,1.0,586.613784441022,5866.137844410219,4094.137844410221,1445.0,274.0,53.0,20470.68922205111,289,274,11,afdc6cdd1944b0f85ad1535a00539758f1b47104261f720693ac0ead3d2f31ad,runs/v2_final/q4/paper_q4_n10_s960012/metrics.json,1.8189894035458565e-12,True
v2_final,q4,paper_q4_n10_s960013,2d87203b18352d2c739222e5b16af035235cf6914cf5b34691e429c40916c91b,960013,10,mixed,True,True,True,10,10,1.0,640.0998676292089,6400.998676292089,4445.998676292087,1600.0,302.0,53.0,22229.993381460434,320,302,11,afdc6cdd1944b0f85ad1535a00539758f1b47104261f720693ac0ead3d2f31ad,runs/v2_final/q4/paper_q4_n10_s960013/metrics.json,-1.8189894035458565e-12,True
v2_final,q4,paper_q4_n10_s960014,62fc1daef45c37c33faaab81b3ca9012ca0f078e7fb0911ed4ec97efddb421f1,960014,10,mixed,True,True,True,10,10,1.0,583.7143811493918,5837.143811493917,4175.1438114939165,1355.0,257.0,50.0,20875.71905746959,271,257,10,afdc6cdd1944b0f85ad1535a00539758f1b47104261f720693ac0ead3d2f31ad,runs/v2_final/q4/paper_q4_n10_s960014/metrics.json,-9.094947017729282e-13,True
v2_final,q4,paper_q4_n10_s960015,786e0a5748501bd13da2fb5fcf82c3ac6a7ff71e1830c44e7fc76fe4ae746aa5,960015,10,mixed,True,True,True,10,10,1.0,570.0608256139965,5700.608256139964,3926.6082561399658,1440.0,269.0,65.0,19633.041280699832,288,269,15,afdc6cdd1944b0f85ad1535a00539758f1b47104261f720693ac0ead3d2f31ad,runs/v2_final/q4/paper_q4_n10_s960015/metrics.json,9.094947017729282e-13,True
v2_final,q4,paper_q4_n10_s960016,289739bdb664f6ba8e2416d3709159e3e5bfb90814c6d43081ebae655f341b30,960016,10,mixed,True,True,True,10,10,1.0,586.0097432508691,5860.097432508691,4146.09743250869,1395.0,269.0,50.0,20730.48716254345,279,269,10,afdc6cdd1944b0f85ad1535a00539758f1b47104261f720693ac0ead3d2f31ad,runs/v2_final/q4/paper_q4_n10_s960016/metrics.json,-9.094947017729282e-13,True
v2_final,q4,paper_q4_n10_s960017,8eec67759a34add255ee4e92aef60de171d284d6d00cd8815965b7338fb036e4,960017,10,mixed,True,True,True,10,10,1.0,552.4628754785329,5524.628754785328,3910.6287547853276,1315.0,249.0,50.0,19553.14377392664,263,249,10,afdc6cdd1944b0f85ad1535a00539758f1b47104261f720693ac0ead3d2f31ad,runs/v2_final/q4/paper_q4_n10_s960017/metrics.json,0.0,True
v2_final,q4,paper_q4_n10_s960018,1147536cb66cc757feeea7b44096f960a97bf1f5905e68d35788554b1c6d15a0,960018,10,mixed,True,True,True,10,10,1.0,605.9265091674672,6059.2650916746725,4271.2650916746725,1465.0,273.0,50.0,21356.32545837336,293,273,10,afdc6cdd1944b0f85ad1535a00539758f1b47104261f720693ac0ead3d2f31ad,runs/v2_final/q4/paper_q4_n10_s960018/metrics.json,0.0,True
v2_final,q4,paper_q4_n10_s960019,cf55d3f4e09f53fbb973530d6dd48121c475c525c9101a3c94703aad60256cf0,960019,10,mixed,True,True,True,10,10,1.0,612.6068205806915,6126.068205806915,4317.068205806916,1475.0,278.0,56.0,21585.341029034575,295,278,12,afdc6cdd1944b0f85ad1535a00539758f1b47104261f720693ac0ead3d2f31ad,runs/v2_final/q4/paper_q4_n10_s960019/metrics.json,9.094947017729282e-13,True
v2_final,q4,paper_q4_n13_s960020,63689f503f60656191968a1974085cfc37ec3314975d21949ae247d5f62750db,960020,13,mixed,True,True,True,13,13,1.0,451.3924257895027,5868.101535263535,4379.101535263535,1195.0,223.0,71.0,21895.50767631768,239,223,15,afdc6cdd1944b0f85ad1535a00539758f1b47104261f720693ac0ead3d2f31ad,runs/v2_final/q4/paper_q4_n13_s960020/metrics.json,0.0,True
v2_final,q4,paper_q4_n13_s960021,da59a83f230a989a4389b3d0fb147032b3e9c24625898e5586587c3b08effa45,960021,13,mixed,True,True,True,13,13,1.0,445.2232780176595,5787.902614229573,4180.902614229574,1295.0,241.0,71.0,20904.513071147878,259,241,15,afdc6cdd1944b0f85ad1535a00539758f1b47104261f720693ac0ead3d2f31ad,runs/v2_final/q4/paper_q4_n13_s960021/metrics.json,9.094947017729282e-13,True
v2_final,q4,paper_q4_n13_s960022,b856934f7fd2c17614f85c9714257e6a75eef79290085964bc8a2abb30328a79,960022,13,mixed,True,True,True,13,13,1.0,484.73261747490955,6301.524027173824,4893.524027173825,1130.0,207.0,71.0,24467.62013586912,226,207,15,afdc6cdd1944b0f85ad1535a00539758f1b47104261f720693ac0ead3d2f31ad,runs/v2_final/q4/paper_q4_n13_s960022/metrics.json,9.094947017729282e-13,True
v2_final,q4,paper_q4_n13_s960023,73dcfb7bd5b9d70f599b93be4845294fd3878c2ff63f0ce9a93c9196c65cf773,960023,13,mixed,True,True,True,13,13,1.0,458.39937100935,5959.1918231215495,4311.1918231215495,1325.0,252.0,71.0,21555.959115607737,265,252,15,afdc6cdd1944b0f85ad1535a00539758f1b47104261f720693ac0ead3d2f31ad,runs/v2_final/q4/paper_q4_n13_s960023/metrics.json,0.0,True
v2_final,q4,paper_q4_n13_s960024,38a2c0e44559dbf6344acd79eef98e5c0c198e7550ecca11e2c300bdd343b50c,960024,13,mixed,True,True,True,13,13,1.0,493.9868513969856,6421.829068160813,4688.829068160815,1400.0,265.0,68.0,23444.145340804072,280,265,14,afdc6cdd1944b0f85ad1535a00539758f1b47104261f720693ac0ead3d2f31ad,runs/v2_final/q4/paper_q4_n13_s960024/metrics.json,1.8189894035458565e-12,True
v2_final,q4,paper_q4_n13_s960025,048e108d65551ab0d815c96c01cd3d5d06ef334c8d1a23e14df43cce56f36833,960025,13,mixed,True,True,True,13,13,1.0,456.1463630135661,5929.902719176359,4364.902719176358,1265.0,235.0,65.0,21824.513595881792,253,235,13,afdc6cdd1944b0f85ad1535a00539758f1b47104261f720693ac0ead3d2f31ad,runs/v2_final/q4/paper_q4_n13_s960025/metrics.json,-9.094947017729282e-13,True
v2_final,q4,paper_q4_n13_s960026,19e7f6df43aaec88bc08bc8005282d6159bb14c2c0a93f1f0ad65f8ce416ef48,960026,13,mixed,True,True,True,13,13,1.0,434.87165250736564,5653.331482595753,4161.331482595754,1200.0,227.0,65.0,20806.657412978777,240,227,13,afdc6cdd1944b0f85ad1535a00539758f1b47104261f720693ac0ead3d2f31ad,runs/v2_final/q4/paper_q4_n13_s960026/metrics.json,9.094947017729282e-13,True
v2_final,q4,paper_q4_n13_s960027,756b70651e40049d1d338ebf6d75146bf5b18e91b20fc88cbda4ac3767c4cc82,960027,13,mixed,True,True,True,13,13,1.0,451.6862255347893,5871.920931952261,4138.920931952258,1400.0,268.0,65.0,20694.604659761295,280,268,13,afdc6cdd1944b0f85ad1535a00539758f1b47104261f720693ac0ead3d2f31ad,runs/v2_final/q4/paper_q4_n13_s960027/metrics.json,-2.7284841053187847e-12,True
v2_final,q4,paper_q4_n13_s960028,1a8375084c77bfd6f73b66fc971c48f37e193de3159b414cf57cdfcce8648805,960028,13,mixed,True,True,True,13,13,1.0,491.8190320350196,6393.647416455255,4720.647416455256,1345.0,257.0,71.0,23603.237082276268,269,257,15,afdc6cdd1944b0f85ad1535a00539758f1b47104261f720693ac0ead3d2f31ad,runs/v2_final/q4/paper_q4_n13_s960028/metrics.json,9.094947017729282e-13,True
v2_final,q4,paper_q4_n13_s960029,81ccaaef05b84e491cdb48b3651a5a43514aefca15ac5eea9707b55ffb00cb64,960029,13,mixed,True,True,True,13,13,1.0,444.9157388525545,5783.9046050832085,4311.9046050832085,1175.0,223.0,74.0,21559.52302541604,235,223,16,afdc6cdd1944b0f85ad1535a00539758f1b47104261f720693ac0ead3d2f31ad,runs/v2_final/q4/paper_q4_n13_s960029/metrics.json,0.0,True
v2_final,q4,paper_q4_n13_s960030,7df813a2931bfbe45dd7e8ac2ae46cde44d7d180ba8bfba4f0c3c2fa4f2c9203,960030,13,mixed,True,True,True,13,13,1.0,433.6230340811541,5637.099443055004,4186.099443055003,1165.0,218.0,68.0,20930.497215275016,233,218,14,afdc6cdd1944b0f85ad1535a00539758f1b47104261f720693ac0ead3d2f31ad,runs/v2_final/q4/paper_q4_n13_s960030/metrics.json,-9.094947017729282e-13,True
v2_final,q4,paper_q4_n13_s960031,ab77ba4813cc42cd6176fa72df97a89a0fb561cfd5643486525070809aea56bd,960031,13,mixed,True,True,True,13,13,1.0,439.74501453161287,5716.685188910968,4085.6851889109685,1320.0,243.0,68.0,20428.42594455484,264,243,14,afdc6cdd1944b0f85ad1535a00539758f1b47104261f720693ac0ead3d2f31ad,runs/v2_final/q4/paper_q4_n13_s960031/metrics.json,9.094947017729282e-13,True
v2_final,q4,paper_q4_n13_s960032,590bf61e38aa3ea8d0fea72214eb8e804a431f67baff57000ed10da5203e5d9d,960032,13,mixed,True,True,True,13,13,1.0,473.90333403156905,6160.743342410397,4550.743342410397,1300.0,245.0,65.0,22753.716712052,260,245,13,afdc6cdd1944b0f85ad1535a00539758f1b47104261f720693ac0ead3d2f31ad,runs/v2_final/q4/paper_q4_n13_s960032/metrics.json,0.0,True
v2_final,q4,paper_q4_n13_s960033,59571e8b32a55aee85314d1ab40058778959067c338bc1a5467c12bad2c01d88,960033,13,mixed,True,True,True,13,13,1.0,502.689773829176,6534.967059779287,4850.967059779288,1370.0,249.0,65.0,24254.835298896443,274,249,13,afdc6cdd1944b0f85ad1535a00539758f1b47104261f720693ac0ead3d2f31ad,runs/v2_final/q4/paper_q4_n13_s960033/metrics.json,9.094947017729282e-13,True
v2_final,q4,paper_q4_n13_s960034,682abe382b6a39ef8eb4b39517ae6b26f51cfb27adc598d8f6aaa7311bfb3dda,960034,13,mixed,True,True,True,13,13,1.0,484.37660829705726,6296.8959078617445,4748.895907861745,1255.0,228.0,65.0,23744.47953930872,251,228,13,afdc6cdd1944b0f85ad1535a00539758f1b47104261f720693ac0ead3d2f31ad,runs/v2_final/q4/paper_q4_n13_s960034/metrics.json,9.094947017729282e-13,True
v2_final,q4,paper_q4_n13_s960035,3afa99835ca0a05fc46fa2807b6922d97379ddb67325aab8fa1917787bf7b187,960035,13,mixed,True,True,True,13,13,1.0,458.33607566737004,5958.36898367581,4383.36898367581,1250.0,236.0,89.0,21916.844918379047,250,236,21,afdc6cdd1944b0f85ad1535a00539758f1b47104261f720693ac0ead3d2f31ad,runs/v2_final/q4/paper_q4_n13_s960035/metrics.json,0.0,True
v2_final,q4,paper_q4_n13_s960036,bca5d46df0805be4509317ba5a20dd710b4d069117dc817970443fe53d975e1d,960036,13,mixed,True,True,True,13,13,1.0,436.97483202987917,5680.672816388429,4265.672816388428,1135.0,212.0,68.0,21328.364081942145,227,212,14,afdc6cdd1944b0f85ad1535a00539758f1b47104261f720693ac0ead3d2f31ad,runs/v2_final/q4/paper_q4_n13_s960036/metrics.json,-9.094947017729282e-13,True
v2_final,q4,paper_q4_n13_s960037,d71933808b3bbb5ecfe34dc4f0599b17bcdab8d41dfa7987adcf6cd3dad7aa3e,960037,13,mixed,True,True,True,13,13,1.0,421.6228447457288,5481.096981694474,4062.0969816944744,1135.0,219.0,65.0,20310.48490847238,227,219,13,afdc6cdd1944b0f85ad1535a00539758f1b47104261f720693ac0ead3d2f31ad,runs/v2_final/q4/paper_q4_n13_s960037/metrics.json,0.0,True
v2_final,q4,paper_q4_n13_s960038,16bc05ce0472563f099ec8fa02423b066dca11fb89430baab204cc5af97ecbfb,960038,13,mixed,True,True,True,13,13,1.0,450.3501972297106,5854.552563986238,4388.55256398624,1165.0,221.0,80.0,21942.7628199312,233,221,18,afdc6cdd1944b0f85ad1535a00539758f1b47104261f720693ac0ead3d2f31ad,runs/v2_final/q4/paper_q4_n13_s960038/metrics.json,1.8189894035458565e-12,True
v2_final,q4,paper_q4_n13_s960039,72c39acc4abc0865c1cc16b74e5d6c33f79e64afc2b81f6b23a143d4626124da,960039,13,mixed,True,True,True,13,13,1.0,424.08645971445975,5513.123976287977,4043.1239762879777,1180.0,219.0,71.0,20215.61988143989,236,219,15,afdc6cdd1944b0f85ad1535a00539758f1b47104261f720693ac0ead3d2f31ad,runs/v2_final/q4/paper_q4_n13_s960039/metrics.json,9.094947017729282e-13,True
v2_final,q4,paper_q4_n16_s960040,b1005a485d954543d249bd4846074706e789f2ced4376ceda599b6fd9450b9c6,960040,16,mixed,True,True,True,16,16,1.0,346.29606617517953,5540.7370588028725,4303.7370588028725,985.0,172.0,80.0,21518.68529401436,197,172,16,afdc6cdd1944b0f85ad1535a00539758f1b47104261f720693ac0ead3d2f31ad,runs/v2_final/q4/paper_q4_n16_s960040/metrics.json,0.0,True
v2_final,q4,paper_q4_n16_s960041,d0d4eda9ee7def4375ec93a8a793883f1892eed07ac67321b1595776be4fb9b0,960041,16,mixed,True,True,True,16,16,1.0,360.5925921686216,5769.4814746979455,4240.4814746979455,1215.0,225.0,89.0,21202.40737348973,243,225,19,afdc6cdd1944b0f85ad1535a00539758f1b47104261f720693ac0ead3d2f31ad,runs/v2_final/q4/paper_q4_n16_s960041/metrics.json,0.0,True
v2_final,q4,paper_q4_n16_s960042,429d445dee31fd1076a19249d749c7bd99c77ba7636d01b14771e68c4c2d0c94,960042,16,mixed,True,True,True,16,16,1.0,317.7587859228601,5084.140574765762,3881.140574765759,945.0,172.0,86.0,19405.7028738288,189,172,18,afdc6cdd1944b0f85ad1535a00539758f1b47104261f720693ac0ead3d2f31ad,runs/v2_final/q4/paper_q4_n16_s960042/metrics.json,-2.7284841053187847e-12,True
v2_final,q4,paper_q4_n16_s960043,890edfc43be11ed9cb6673a095c3f9d1f9bd00eee552bcf025424d833eb387b8,960043,16,mixed,True,True,True,16,16,1.0,325.1259126146365,5202.014601834184,4020.014601834185,930.0,166.0,86.0,20100.073009170912,186,166,18,afdc6cdd1944b0f85ad1535a00539758f1b47104261f720693ac0ead3d2f31ad,runs/v2_final/q4/paper_q4_n16_s960043/metrics.json,1.8189894035458565e-12,True
v2_final,q4,paper_q4_n16_s960044,3e93ad6707a0652a9c98c415187fd78b4c12165d349d1420dd80a0573d745e09,960044,16,mixed,True,True,True,16,16,1.0,342.75252479949086,5484.040396791854,4155.040396791854,1060.0,189.0,80.0,20775.201983959265,212,189,16,afdc6cdd1944b0f85ad1535a00539758f1b47104261f720693ac0ead3d2f31ad,runs/v2_final/q4/paper_q4_n16_s960044/metrics.json,0.0,True
v2_final,q4,paper_q4_n16_s960045,3cad5d7f229b2c51c945985233487543874251e74c0e6b296e648079d13bb7f9,960045,16,mixed,True,True,True,16,16,1.0,304.7938497299366,4876.7015956789855,3753.7015956789874,880.0,163.0,80.0,18768.507978394933,176,163,16,afdc6cdd1944b0f85ad1535a00539758f1b47104261f720693ac0ead3d2f31ad,runs/v2_final/q4/paper_q4_n16_s960045/metrics.json,1.8189894035458565e-12,True
v2_final,q4,paper_q4_n16_s960046,7040da829ed4799b41c8235979675a92458a40cf4d2a21d36f2bd093a8fce226,960046,16,mixed,True,True,True,16,16,1.0,345.115762813306,5521.852205012896,4189.852205012897,1055.0,194.0,83.0,20949.261025064483,211,194,17,afdc6cdd1944b0f85ad1535a00539758f1b47104261f720693ac0ead3d2f31ad,runs/v2_final/q4/paper_q4_n16_s960046/metrics.json,9.094947017729282e-13,True
v2_final,q4,paper_q4_n16_s960047,f8ec8de50f5e67238ff9f26f1b06b20e5cee54a52c2ecf8e944bf4566f28650b,960047,16,mixed,True,True,True,16,16,1.0,267.04926405140276,4272.788224822444,3374.788224822444,685.0,124.0,89.0,16873.941124112218,137,124,19,afdc6cdd1944b0f85ad1535a00539758f1b47104261f720693ac0ead3d2f31ad,runs/v2_final/q4/paper_q4_n16_s960047/metrics.json,0.0,True
v2_final,q4,paper_q4_n16_s960048,24b3a08e1ec1170c0cddce56334844156aa2af548365a9cf4896d69405a3be74,960048,16,mixed,True,True,True,16,16,1.0,339.72981316051494,5435.677010568239,4290.677010568242,905.0,157.0,83.0,21453.3850528412,181,157,17,afdc6cdd1944b0f85ad1535a00539758f1b47104261f720693ac0ead3d2f31ad,runs/v2_final/q4/paper_q4_n16_s960048/metrics.json,2.7284841053187847e-12,True
v2_final,q4,paper_q4_n16_s960049,9c98e77ebf3bc49595e283c552192c4decebf03b6eada728c4e756a916cf4043,960049,16,mixed,True,True,True,16,16,1.0,325.4730702065464,5207.569123304743,3965.5691233047446,985.0,174.0,83.0,19827.845616523722,197,174,17,afdc6cdd1944b0f85ad1535a00539758f1b47104261f720693ac0ead3d2f31ad,runs/v2_final/q4/paper_q4_n16_s960049/metrics.json,1.8189894035458565e-12,True
v2_final,q4,paper_q4_n16_s960050,4c29da39e95a72a666d839bdfc3e2f12f3fe62af915ad74e5f93a916493ee72d,960050,16,mixed,True,True,True,16,16,1.0,262.15718902498,4194.51502439968,3229.515024399681,740.0,133.0,92.0,16147.575121998412,148,133,20,afdc6cdd1944b0f85ad1535a00539758f1b47104261f720693ac0ead3d2f31ad,runs/v2_final/q4/paper_q4_n16_s960050/metrics.json,9.094947017729282e-13,True
v2_final,q4,paper_q4_n16_s960051,3a7ba2677cfe71015289966abc8bab618fbdab5aac52bf87159b29697354bffb,960051,16,mixed,True,True,True,16,16,1.0,245.28552718940392,3924.5684350304628,3169.5684350304628,565.0,107.0,83.0,15847.842175152316,113,107,17,afdc6cdd1944b0f85ad1535a00539758f1b47104261f720693ac0ead3d2f31ad,runs/v2_final/q4/paper_q4_n16_s960051/metrics.json,0.0,True
v2_final,q4,paper_q4_n16_s960052,64efc316b5c7066cc78ffc5fa9e03f2022e248a5547a0fff712b1db67655f2eb,960052,16,mixed,True,True,True,16,16,1.0,345.98817532264985,5535.810805162398,4237.810805162398,1020.0,189.0,89.0,21189.054025811984,204,189,19,afdc6cdd1944b0f85ad1535a00539758f1b47104261f720693ac0ead3d2f31ad,runs/v2_final/q4/paper_q4_n16_s960052/metrics.json,0.0,True
v2_final,q4,paper_q4_n16_s960053,7df246795c5f13b0c33ba6cbd4aa1c946cba1de4d90d6bd6674d2717fb8af615,960053,16,mixed,True,True,True,16,16,1.0,325.71545978033004,5211.447356485281,4100.447356485282,875.0,156.0,80.0,20502.236782426407,175,156,16,afdc6cdd1944b0f85ad1535a00539758f1b47104261f720693ac0ead3d2f31ad,runs/v2_final/q4/paper_q4_n16_s960053/metrics.json,1.8189894035458565e-12,True
v2_final,q4,paper_q4_n16_s960054,8206890b9b420cbaea6b693c5cf72b030d8708ed8e056c338d28b1e44d86553c,960054,16,mixed,True,True,True,16,16,1.0,342.7580592334154,5484.128947734646,4084.1289477346486,1115.0,205.0,80.0,20420.64473867324,223,205,16,afdc6cdd1944b0f85ad1535a00539758f1b47104261f720693ac0ead3d2f31ad,runs/v2_final/q4/paper_q4_n16_s960054/metrics.json,2.7284841053187847e-12,True
v2_final,q4,paper_q4_n16_s960055,6ff9e44e5b062ac46df867868e4bfdbce3357ab9b37f57f39768831f22daa029,960055,16,mixed,True,True,True,16,16,1.0,295.8024683518045,4732.839493628872,3768.8394936288723,740.0,135.0,89.0,18844.19746814436,148,135,19,afdc6cdd1944b0f85ad1535a00539758f1b47104261f720693ac0ead3d2f31ad,runs/v2_final/q4/paper_q4_n16_s960055/metrics.json,0.0,True
v2_final,q4,paper_q4_n16_s960056,6b2792b601130b0b46aa97b1ac0735656b2418610783d47c53cab64564495da2,960056,16,mixed,True,True,True,16,16,1.0,289.6831547900041,4634.9304766400655,3630.9304766400655,755.0,145.0,104.0,18154.652383200326,151,145,24,afdc6cdd1944b0f85ad1535a00539758f1b47104261f720693ac0ead3d2f31ad,runs/v2_final/q4/paper_q4_n16_s960056/metrics.json,0.0,True
v2_final,q4,paper_q4_n16_s960057,6c60a413ad3c5d739c953deb475923dd63ed809d6227e8d1925f0cd9b6100136,960057,16,mixed,True,True,True,16,16,1.0,352.33437962944555,5637.350074071129,4343.350074071129,1025.0,186.0,83.0,21716.75037035565,205,186,17,afdc6cdd1944b0f85ad1535a00539758f1b47104261f720693ac0ead3d2f31ad,runs/v2_final/q4/paper_q4_n16_s960057/metrics.json,0.0,True
v2_final,q4,paper_q4_n16_s960058,0694e76cf04a8b334687d6f66c3b8e5bd22fee936abafbcd9aed87fab9ea8753,960058,16,mixed,True,True,True,16,16,1.0,308.5078582202417,4936.125731523867,3785.125731523867,900.0,168.0,83.0,18925.628657619334,180,168,17,afdc6cdd1944b0f85ad1535a00539758f1b47104261f720693ac0ead3d2f31ad,runs/v2_final/q4/paper_q4_n16_s960058/metrics.json,0.0,True
v2_final,q4,paper_q4_n16_s960059,05cc90bed98c2e255fab9f8178fbf5b2a553268aabc778715431067900d5c20d,960059,16,mixed,True,True,True,16,16,1.0,307.94499520852906,4927.119923336465,3838.1199233364646,850.0,156.0,83.0,19190.599616682313,170,156,17,afdc6cdd1944b0f85ad1535a00539758f1b47104261f720693ac0ead3d2f31ad,runs/v2_final/q4/paper_q4_n16_s960059/metrics.json,-9.094947017729282e-13,True
