step,virtual_time,channel,n_no_signal,n_certified_cells,n_certified_cells_raw
1,119.0,2,1,0,0
1,119.0,3,1,0,0
1,119.0,4,1,0,0
1,119.0,5,1,0,0
1,119.0,9,1,0,0
1,119.0,10,1,0,0
1,119.0,13,1,0,0
1,119.0,14,1,0,0
1,119.0,15,1,0,0
1,119.0,16,1,0,0
1,119.0,18,1,0,0
1,119.0,19,1,0,0
1,119.0,20,1,0,0
2,125.0,2,1,0,0
2,125.0,3,1,0,0
2,125.0,4,1,0,0
2,125.0,5,1,0,0
2,125.0,9,1,0,0
2,125.0,10,1,0,0
2,125.0,13,1,0,0
2,125.0,14,1,0,0
2,125.0,15,1,0,0
2,125.0,16,1,0,0
2,125.0,18,1,0,0
2,125.0,19,1,0,0
2,125.0,20,1,0,0
3,131.0,2,1,0,0
3,131.0,3,1,0,0
3,131.0,4,1,0,0
3,131.0,5,1,0,0
3,131.0,9,1,0,0
3,131.0,10,1,0,0
3,131.0,13,1,0,0
3,131.0,14,1,0,0
3,131.0,15,1,0,0
3,131.0,16,1,0,0
3,131.0,18,1,0,0
3,131.0,19,1,0,0
3,131.0,20,1,0,0
4,137.0,2,1,0,0
4,137.0,3,1,0,0
4,137.0,4,1,0,0
4,137.0,5,1,0,0
4,137.0,9,1,0,0
4,137.0,10,1,0,0
4,137.0,13,1,0,0
4,137.0,14,1,0,0
4,137.0,15,1,0,0
4,137.0,16,1,0,0
4,137.0,18,1,0,0
4,137.0,19,1,0,0
4,137.0,20,1,0,0
5,143.0,2,1,0,0
5,143.0,3,1,0,0
5,143.0,4,1,0,0
5,143.0,5,1,0,0
5,143.0,9,1,0,0
5,143.0,10,1,0,0
5,143.0,13,1,0,0
5,143.0,14,1,0,0
5,143.0,15,1,0,0
5,143.0,16,1,0,0
5,143.0,18,1,0,0
5,143.0,19,1,0,0
5,143.0,20,1,0,0
6,149.0,2,1,0,0
6,149.0,3,1,0,0
6,149.0,4,1,0,0
6,149.0,5,1,0,0
6,149.0,9,1,0,0
6,149.0,10,1,0,0
6,149.0,13,1,0,0
6,149.0,14,1,0,0
6,149.0,15,1,0,0
6,149.0,16,1,0,0
6,149.0,18,1,0,0
6,149.0,19,1,0,0
6,149.0,20,1,0,0
7,155.0,2,1,0,0
7,155.0,3,1,0,0
7,155.0,4,1,0,0
7,155.0,5,1,0,0
7,155.0,9,1,0,0
7,155.0,10,1,0,0
7,155.0,13,1,0,0
7,155.0,14,1,0,0
7,155.0,15,1,0,0
7,155.0,16,1,0,0
7,155.0,18,1,0,0
7,155.0,19,1,0,0
7,155.0,20,1,0,0
8,161.0,2,1,0,0
8,161.0,3,1,0,0
8,161.0,4,1,0,0
8,161.0,5,1,0,0
8,161.0,9,1,0,0
8,161.0,10,1,0,0
8,161.0,13,1,0,0
8,161.0,14,1,0,0
8,161.0,15,1,0,0
8,161.0,16,1,0,0
8,161.0,18,1,0,0
8,161.0,19,1,0,0
8,161.0,20,1,0,0
9,429.0,2,2,0,0
9,429.0,3,1,0,0
9,429.0,4,1,0,0
9,429.0,5,2,0,0
9,429.0,9,2,0,0
9,429.0,10,2,0,0
9,429.0,13,2,0,0
9,429.0,14,2,0,0
9,429.0,15,2,0,0
9,429.0,16,2,0,0
9,429.0,18,2,0,0
9,429.0,19,2,0,0
9,429.0,20,2,0,0
10,435.0,1,1,0,0
10,435.0,2,2,0,0
10,435.0,3,1,0,0
10,435.0,4,1,0,0
10,435.0,5,2,0,0
10,435.0,9,2,0,0
10,435.0,10,2,0,0
10,435.0,13,2,0,0
10,435.0,14,2,0,0
10,435.0,15,2,0,0
10,435.0,16,2,0,0
10,435.0,18,2,0,0
10,435.0,19,2,0,0
10,435.0,20,2,0,0
11,441.0,1,1,0,0
11,441.0,2,2,0,0
11,441.0,3,1,0,0
11,441.0,4,1,0,0
11,441.0,5,2,0,0
11,441.0,9,2,0,0
11,441.0,10,2,0,0
11,441.0,13,2,0,0
11,441.0,14,2,0,0
11,441.0,15,2,0,0
11,441.0,16,2,0,0
11,441.0,18,2,0,0
11,441.0,19,2,0,0
11,441.0,20,2,0,0
12,447.0,1,1,0,0
12,447.0,2,2,0,0
12,447.0,3,1,0,0
12,447.0,4,1,0,0
12,447.0,5,2,0,0
12,447.0,9,2,0,0
12,447.0,10,2,0,0
12,447.0,13,2,0,0
12,447.0,14,2,0,0
12,447.0,15,2,0,0
12,447.0,16,2,0,0
12,447.0,18,2,0,0
12,447.0,19,2,0,0
12,447.0,20,2,0,0
13,453.0,1,1,0,0
13,453.0,2,2,0,0
13,453.0,3,1,0,0
13,453.0,4,1,0,0
13,453.0,5,2,0,0
13,453.0,9,2,0,0
13,453.0,10,2,0,0
13,453.0,13,2,0,0
13,453.0,14,2,0,0
13,453.0,15,2,0,0
13,453.0,16,2,0,0
13,453.0,18,2,0,0
13,453.0,19,2,0,0
13,453.0,20,2,0,0
14,459.0,1,1,0,0
14,459.0,2,2,0,0
14,459.0,3,1,0,0
14,459.0,4,1,0,0
14,459.0,5,2,0,0
14,459.0,9,2,0,0
14,459.0,10,2,0,0
14,459.0,13,2,0,0
14,459.0,14,2,0,0
14,459.0,15,2,0,0
14,459.0,16,2,0,0
14,459.0,18,2,0,0
14,459.0,19,2,0,0
14,459.0,20,2,0,0
15,592.4663819166556,1,1,0,0
15,592.4663819166556,2,3,0,0
15,592.4663819166556,3,1,0,0
15,592.4663819166556,4,1,0,0
15,592.4663819166556,5,3,0,0
15,592.4663819166556,9,3,0,0
15,592.4663819166556,10,3,0,0
15,592.4663819166556,13,3,0,0
15,592.4663819166556,14,3,0,0
15,592.4663819166556,15,3,0,0
15,592.4663819166556,16,3,0,0
15,592.4663819166556,18,3,0,0
15,592.4663819166556,19,3,0,0
15,592.4663819166556,20,3,0,0
16,660.9327638333111,1,1,0,0
16,660.9327638333111,2,3,0,0
16,660.9327638333111,3,1,0,0
16,660.9327638333111,4,1,0,0
16,660.9327638333111,5,3,0,0
16,660.9327638333111,8,1,0,0
16,660.9327638333111,9,3,0,0
16,660.9327638333111,10,3,0,0
16,660.9327638333111,13,3,0,0
16,660.9327638333111,14,3,0,0
16,660.9327638333111,15,3,0,0
16,660.9327638333111,16,3,0,0
16,660.9327638333111,18,3,0,0
16,660.9327638333111,19,3,0,0
16,660.9327638333111,20,3,0,0
17,666.9327638333111,1,1,0,0
17,666.9327638333111,2,3,0,0
17,666.9327638333111,3,1,0,0
17,666.9327638333111,4,1,0,0
17,666.9327638333111,5,3,0,0
17,666.9327638333111,8,1,0,0
17,666.9327638333111,9,3,0,0
17,666.9327638333111,10,3,0,0
17,666.9327638333111,13,3,0,0
17,666.9327638333111,14,3,0,0
17,666.9327638333111,15,3,0,0
17,666.9327638333111,16,3,0,0
17,666.9327638333111,18,3,0,0
17,666.9327638333111,19,3,0,0
17,666.9327638333111,20,3,0,0
18,672.9327638333111,1,1,0,0
18,672.9327638333111,2,3,0,0
18,672.9327638333111,3,1,0,0
18,672.9327638333111,4,1,0,0
18,672.9327638333111,5,3,0,0
18,672.9327638333111,8,1,0,0
18,672.9327638333111,9,3,0,0
18,672.9327638333111,10,3,0,0
18,672.9327638333111,12,1,0,0
18,672.9327638333111,13,3,0,0
18,672.9327638333111,14,3,0,0
18,672.9327638333111,15,3,0,0
18,672.9327638333111,16,3,0,0
18,672.9327638333111,18,3,0,0
18,672.9327638333111,19,3,0,0
18,672.9327638333111,20,3,0,0
19,678.9327638333111,1,1,0,0
19,678.9327638333111,2,3,0,0
19,678.9327638333111,3,1,0,0
19,678.9327638333111,4,1,0,0
19,678.9327638333111,5,3,0,0
19,678.9327638333111,8,1,0,0
19,678.9327638333111,9,3,0,0
19,678.9327638333111,10,3,0,0
19,678.9327638333111,12,1,0,0
19,678.9327638333111,13,3,0,0
19,678.9327638333111,14,3,0,0
19,678.9327638333111,15,3,0,0
19,678.9327638333111,16,3,0,0
19,678.9327638333111,17,1,0,0
19,678.9327638333111,18,3,0,0
19,678.9327638333111,19,3,0,0
19,678.9327638333111,20,3,0,0
20,843.284000972269,1,1,0,0
20,843.284000972269,2,3,0,0
20,843.284000972269,3,1,0,0
20,843.284000972269,4,1,0,0
20,843.284000972269,5,4,0,0
20,843.284000972269,8,1,0,0
20,843.284000972269,9,4,0,0
20,843.284000972269,10,4,0,0
20,843.284000972269,12,1,0,0
20,843.284000972269,13,4,0,0
20,843.284000972269,14,4,0,0
20,843.284000972269,15,4,0,0
20,843.284000972269,16,4,0,0
20,843.284000972269,17,1,0,0
20,843.284000972269,18,4,0,0
20,843.284000972269,19,4,0,0
20,843.284000972269,20,4,0,0
21,1000.635238111227,1,1,0,0
21,1000.635238111227,2,3,0,0
21,1000.635238111227,3,1,0,0
21,1000.635238111227,4,1,0,0
21,1000.635238111227,5,5,0,0
21,1000.635238111227,8,1,0,0
21,1000.635238111227,9,5,0,0
21,1000.635238111227,10,5,0,0
21,1000.635238111227,12,1,0,0
21,1000.635238111227,13,5,0,0
21,1000.635238111227,14,5,0,0
21,1000.635238111227,15,5,0,0
21,1000.635238111227,16,5,0,0
21,1000.635238111227,17,1,0,0
21,1000.635238111227,18,5,0,0
21,1000.635238111227,19,5,0,0
21,1000.635238111227,20,5,0,0
22,1157.9864752501849,1,1,0,0
22,1157.9864752501849,2,3,0,0
22,1157.9864752501849,3,1,0,0
22,1157.9864752501849,4,1,0,0
22,1157.9864752501849,5,6,0,0
22,1157.9864752501849,8,1,0,0
22,1157.9864752501849,9,6,0,0
22,1157.9864752501849,10,6,0,0
22,1157.9864752501849,12,1,0,0
22,1157.9864752501849,13,6,0,0
22,1157.9864752501849,14,6,0,0
22,1157.9864752501849,15,6,0,0
22,1157.9864752501849,16,6,0,0
22,1157.9864752501849,17,1,0,0
22,1157.9864752501849,18,6,0,0
22,1157.9864752501849,19,6,0,0
22,1157.9864752501849,20,6,0,0
23,1315.3377123891426,1,1,0,0
23,1315.3377123891426,2,3,0,0
23,1315.3377123891426,3,1,0,0
23,1315.3377123891426,4,1,0,0
23,1315.3377123891426,5,7,0,0
23,1315.3377123891426,8,1,0,0
23,1315.3377123891426,9,7,0,0
23,1315.3377123891426,10,7,0,0
23,1315.3377123891426,12,1,0,0
23,1315.3377123891426,13,7,0,0
23,1315.3377123891426,14,7,0,0
23,1315.3377123891426,15,7,0,0
23,1315.3377123891426,16,7,0,0
23,1315.3377123891426,17,1,0,0
23,1315.3377123891426,18,7,0,0
23,1315.3377123891426,19,7,0,0
23,1315.3377123891426,20,7,0,0
24,1472.6889495281005,1,1,0,0
24,1472.6889495281005,2,3,0,0
24,1472.6889495281005,3,1,0,0
24,1472.6889495281005,4,1,0,0
24,1472.6889495281005,5,8,0,0
24,1472.6889495281005,8,1,0,0
24,1472.6889495281005,9,8,0,0
24,1472.6889495281005,10,8,0,0
24,1472.6889495281005,12,1,0,0
24,1472.6889495281005,13,8,0,0
24,1472.6889495281005,14,8,0,0
24,1472.6889495281005,15,8,0,0
24,1472.6889495281005,16,8,0,0
24,1472.6889495281005,17,1,0,0
24,1472.6889495281005,18,8,0,0
24,1472.6889495281005,19,8,0,0
24,1472.6889495281005,20,8,0,0
25,1630.0401866670584,1,1,0,0
25,1630.0401866670584,2,3,0,0
25,1630.0401866670584,3,1,0,0
25,1630.0401866670584,4,1,0,0
25,1630.0401866670584,5,9,0,0
25,1630.0401866670584,8,1,0,0
25,1630.0401866670584,9,9,0,0
25,1630.0401866670584,10,8,0,0
25,1630.0401866670584,12,1,0,0
25,1630.0401866670584,13,9,0,0
25,1630.0401866670584,14,9,0,0
25,1630.0401866670584,15,8,0,0
25,1630.0401866670584,16,9,0,0
25,1630.0401866670584,17,1,0,0
25,1630.0401866670584,18,9,0,0
25,1630.0401866670584,19,9,0,0
25,1630.0401866670584,20,9,0,0
26,1775.3914238060163,1,1,0,0
26,1775.3914238060163,2,3,0,0
26,1775.3914238060163,3,1,0,0
26,1775.3914238060163,4,1,0,0
26,1775.3914238060163,5,10,0,0
26,1775.3914238060163,8,1,0,0
26,1775.3914238060163,9,10,0,0
26,1775.3914238060163,10,8,0,0
26,1775.3914238060163,12,1,0,0
26,1775.3914238060163,13,10,0,0
26,1775.3914238060163,14,10,0,0
26,1775.3914238060163,15,8,0,0
26,1775.3914238060163,16,10,0,0
26,1775.3914238060163,17,1,0,0
26,1775.3914238060163,18,9,0,0
26,1775.3914238060163,19,10,0,0
26,1775.3914238060163,20,10,0,0
27,1914.7426609449742,1,1,0,0
27,1914.7426609449742,2,3,0,0
27,1914.7426609449742,3,1,0,0
27,1914.7426609449742,4,1,0,0
27,1914.7426609449742,5,11,0,0
27,1914.7426609449742,8,1,0,0
27,1914.7426609449742,9,11,0,0
27,1914.7426609449742,10,8,0,0
27,1914.7426609449742,12,1,0,0
27,1914.7426609449742,13,11,0,0
27,1914.7426609449742,14,11,0,0
27,1914.7426609449742,15,8,0,0
27,1914.7426609449742,16,11,0,0
27,1914.7426609449742,17,1,0,0
27,1914.7426609449742,18,9,0,0
27,1914.7426609449742,19,11,0,0
27,1914.7426609449742,20,11,0,0
28,2054.093898083932,1,1,0,0
28,2054.093898083932,2,3,0,0
28,2054.093898083932,3,1,0,0
28,2054.093898083932,4,1,0,0
28,2054.093898083932,5,12,0,0
28,2054.093898083932,8,1,0,0
28,2054.093898083932,9,12,0,0
28,2054.093898083932,10,8,0,0
28,2054.093898083932,12,1,0,0
28,2054.093898083932,13,12,0,0
28,2054.093898083932,14,12,0,0
28,2054.093898083932,15,8,0,0
28,2054.093898083932,16,12,0,0
28,2054.093898083932,17,1,0,0
28,2054.093898083932,18,9,0,0
28,2054.093898083932,19,12,0,0
28,2054.093898083932,20,12,0,0
29,2193.44513522289,1,1,0,0
29,2193.44513522289,2,3,0,0
29,2193.44513522289,3,1,0,0
29,2193.44513522289,4,1,0,0
29,2193.44513522289,5,13,0,0
29,2193.44513522289,8,1,0,0
29,2193.44513522289,9,13,0,0
29,2193.44513522289,10,8,0,0
29,2193.44513522289,12,1,0,0
29,2193.44513522289,13,13,0,0
29,2193.44513522289,14,13,0,0
29,2193.44513522289,15,8,0,0
29,2193.44513522289,16,13,0,0
29,2193.44513522289,17,1,0,0
29,2193.44513522289,18,9,0,0
29,2193.44513522289,19,13,0,0
29,2193.44513522289,20,13,0,0
30,2332.7963723618477,1,1,0,0
30,2332.7963723618477,2,3,0,0
30,2332.7963723618477,3,1,0,0
30,2332.7963723618477,4,1,0,0
30,2332.7963723618477,5,14,0,0
30,2332.7963723618477,8,1,0,0
30,2332.7963723618477,9,14,0,0
30,2332.7963723618477,10,8,0,0
30,2332.7963723618477,12,1,0,0
30,2332.7963723618477,13,14,0,0
30,2332.7963723618477,14,14,0,0
30,2332.7963723618477,15,8,0,0
30,2332.7963723618477,16,14,0,0
30,2332.7963723618477,17,1,0,0
30,2332.7963723618477,18,9,0,0
30,2332.7963723618477,19,14,0,0
30,2332.7963723618477,20,14,0,0
31,2570.516024577374,1,1,0,0
31,2570.516024577374,2,3,0,0
31,2570.516024577374,3,1,0,0
31,2570.516024577374,4,1,0,0
31,2570.516024577374,5,15,0,0
31,2570.516024577374,8,1,0,0
31,2570.516024577374,9,15,0,0
31,2570.516024577374,10,8,0,0
31,2570.516024577374,12,1,0,0
31,2570.516024577374,13,15,0,0
31,2570.516024577374,14,15,0,0
31,2570.516024577374,15,8,0,0
31,2570.516024577374,16,15,0,0
31,2570.516024577374,17,1,0,0
31,2570.516024577374,18,9,0,0
31,2570.516024577374,19,14,0,0
31,2570.516024577374,20,15,0,0
32,2800.1126703140594,1,1,0,0
32,2800.1126703140594,2,3,0,0
32,2800.1126703140594,3,1,0,0
32,2800.1126703140594,4,1,0,0
32,2800.1126703140594,5,15,0,0
32,2800.1126703140594,8,1,0,0
32,2800.1126703140594,9,16,0,0
32,2800.1126703140594,10,8,0,0
32,2800.1126703140594,12,1,0,0
32,2800.1126703140594,13,16,0,0
32,2800.1126703140594,14,16,0,0
32,2800.1126703140594,15,8,0,0
32,2800.1126703140594,16,16,0,0
32,2800.1126703140594,17,1,0,0
32,2800.1126703140594,18,9,0,0
32,2800.1126703140594,19,14,0,0
32,2800.1126703140594,20,16,0,0
33,3022.709316050745,1,1,0,0
33,3022.709316050745,2,3,0,0
33,3022.709316050745,3,1,0,0
33,3022.709316050745,4,1,0,0
33,3022.709316050745,5,15,0,0
33,3022.709316050745,8,1,0,0
33,3022.709316050745,9,17,0,0
33,3022.709316050745,10,8,0,0
33,3022.709316050745,12,1,0,0
33,3022.709316050745,13,17,0,0
33,3022.709316050745,14,17,0,0
33,3022.709316050745,15,8,0,0
33,3022.709316050745,16,17,0,0
33,3022.709316050745,17,1,0,0
33,3022.709316050745,18,9,0,0
33,3022.709316050745,19,14,0,0
33,3022.709316050745,20,17,0,0
34,3245.3059617874305,1,1,0,0
34,3245.3059617874305,2,3,0,0
34,3245.3059617874305,3,1,0,0
34,3245.3059617874305,4,1,0,0
34,3245.3059617874305,5,15,0,0
34,3245.3059617874305,8,1,0,0
34,3245.3059617874305,9,18,0,0
34,3245.3059617874305,10,8,0,0
34,3245.3059617874305,12,1,0,0
34,3245.3059617874305,13,18,0,0
34,3245.3059617874305,14,18,0,0
34,3245.3059617874305,15,8,0,0
34,3245.3059617874305,16,18,0,0
34,3245.3059617874305,17,1,0,0
34,3245.3059617874305,18,9,0,0
34,3245.3059617874305,19,14,0,0
34,3245.3059617874305,20,18,0,0
35,3449.9026075241163,1,1,0,0
35,3449.9026075241163,2,3,0,0
35,3449.9026075241163,3,1,0,0
35,3449.9026075241163,4,1,0,0
35,3449.9026075241163,5,15,0,0
35,3449.9026075241163,8,1,0,0
35,3449.9026075241163,9,18,0,0
35,3449.9026075241163,10,8,0,0
35,3449.9026075241163,12,1,0,0
35,3449.9026075241163,13,18,0,0
35,3449.9026075241163,14,18,0,0
35,3449.9026075241163,15,8,0,0
35,3449.9026075241163,16,18,0,0
35,3449.9026075241163,17,1,0,0
35,3449.9026075241163,18,9,0,0
35,3449.9026075241163,19,14,0,0
35,3449.9026075241163,20,19,0,0
36,3494.9026075241163,1,1,0,0
36,3494.9026075241163,2,3,0,0
36,3494.9026075241163,3,1,0,0
36,3494.9026075241163,4,1,0,0
36,3494.9026075241163,5,15,0,0
36,3494.9026075241163,8,1,0,0
36,3494.9026075241163,9,18,0,0
36,3494.9026075241163,10,8,0,0
36,3494.9026075241163,12,1,0,0
36,3494.9026075241163,13,18,0,0
36,3494.9026075241163,14,18,0,0
36,3494.9026075241163,15,8,0,0
36,3494.9026075241163,16,18,0,0
36,3494.9026075241163,17,1,0,0
36,3494.9026075241163,18,9,0,0
36,3494.9026075241163,19,14,0,0
36,3494.9026075241163,20,19,0,0
37,3539.9026075241163,1,1,0,0
37,3539.9026075241163,2,3,0,0
37,3539.9026075241163,3,1,0,0
37,3539.9026075241163,4,1,0,0
37,3539.9026075241163,5,15,0,0
37,3539.9026075241163,8,1,0,0
37,3539.9026075241163,9,18,0,0
37,3539.9026075241163,10,8,0,0
37,3539.9026075241163,12,1,0,0
37,3539.9026075241163,13,18,0,0
37,3539.9026075241163,14,18,0,0
37,3539.9026075241163,15,8,0,0
37,3539.9026075241163,16,18,0,0
37,3539.9026075241163,17,1,0,0
37,3539.9026075241163,18,9,0,0
37,3539.9026075241163,19,14,0,0
37,3539.9026075241163,20,19,0,0
38,3584.9026075241163,1,1,0,0
38,3584.9026075241163,2,3,0,0
38,3584.9026075241163,3,1,0,0
38,3584.9026075241163,4,1,0,0
38,3584.9026075241163,5,15,0,0
38,3584.9026075241163,8,1,0,0
38,3584.9026075241163,9,18,0,0
38,3584.9026075241163,10,8,0,0
38,3584.9026075241163,12,1,0,0
38,3584.9026075241163,13,18,0,0
38,3584.9026075241163,14,18,0,0
38,3584.9026075241163,15,8,0,0
38,3584.9026075241163,16,18,0,0
38,3584.9026075241163,17,1,0,0
38,3584.9026075241163,18,9,0,0
38,3584.9026075241163,19,14,0,0
38,3584.9026075241163,20,19,0,0
39,3625.9072985267467,1,1,0,0
39,3625.9072985267467,2,3,0,0
39,3625.9072985267467,3,1,0,0
39,3625.9072985267467,4,1,0,0
39,3625.9072985267467,5,15,0,0
39,3625.9072985267467,8,1,0,0
39,3625.9072985267467,9,18,0,0
39,3625.9072985267467,10,8,0,0
39,3625.9072985267467,12,1,0,0
39,3625.9072985267467,13,18,0,0
39,3625.9072985267467,14,18,0,0
39,3625.9072985267467,15,8,0,0
39,3625.9072985267467,16,18,0,0
39,3625.9072985267467,17,1,0,0
39,3625.9072985267467,18,9,0,0
39,3625.9072985267467,19,14,0,0
39,3625.9072985267467,20,19,0,0
40,3635.150810737995,1,1,0,0
40,3635.150810737995,2,3,0,0
40,3635.150810737995,3,1,0,0
40,3635.150810737995,4,1,0,0
40,3635.150810737995,5,15,0,0
40,3635.150810737995,8,1,0,0
40,3635.150810737995,9,19,0,0
40,3635.150810737995,10,8,0,0
40,3635.150810737995,12,1,0,0
40,3635.150810737995,13,18,0,0
40,3635.150810737995,14,18,0,0
40,3635.150810737995,15,8,0,0
40,3635.150810737995,16,18,0,0
40,3635.150810737995,17,1,0,0
40,3635.150810737995,18,9,0,0
40,3635.150810737995,19,14,0,0
40,3635.150810737995,20,19,0,0
41,3643.3334448964315,1,1,0,0
41,3643.3334448964315,2,3,0,0
41,3643.3334448964315,3,1,0,0
41,3643.3334448964315,4,1,0,0
41,3643.3334448964315,5,15,0,0
41,3643.3334448964315,8,1,0,0
41,3643.3334448964315,9,20,0,0
41,3643.3334448964315,10,8,0,0
41,3643.3334448964315,12,1,0,0
41,3643.3334448964315,13,18,0,0
41,3643.3334448964315,14,18,0,0
41,3643.3334448964315,15,8,0,0
41,3643.3334448964315,16,18,0,0
41,3643.3334448964315,17,1,0,0
41,3643.3334448964315,18,9,0,0
41,3643.3334448964315,19,14,0,0
41,3643.3334448964315,20,19,0,0
42,3649.9247619756497,1,1,0,0
42,3649.9247619756497,2,3,0,0
42,3649.9247619756497,3,1,0,0
42,3649.9247619756497,4,1,0,0
42,3649.9247619756497,5,15,0,0
42,3649.9247619756497,8,1,0,0
42,3649.9247619756497,9,21,0,0
42,3649.9247619756497,10,8,0,0
42,3649.9247619756497,12,1,0,0
42,3649.9247619756497,13,18,0,0
42,3649.9247619756497,14,18,0,0
42,3649.9247619756497,15,8,0,0
42,3649.9247619756497,16,18,0,0
42,3649.9247619756497,17,1,0,0
42,3649.9247619756497,18,9,0,0
42,3649.9247619756497,19,14,0,0
42,3649.9247619756497,20,19,0,0
43,3655.720420515259,1,1,0,0
43,3655.720420515259,2,3,0,0
43,3655.720420515259,3,1,0,0
43,3655.720420515259,4,1,0,0
43,3655.720420515259,5,15,0,0
43,3655.720420515259,8,1,0,0
43,3655.720420515259,9,22,0,0
43,3655.720420515259,10,8,0,0
43,3655.720420515259,12,1,0,0
43,3655.720420515259,13,18,0,0
43,3655.720420515259,14,18,0,0
43,3655.720420515259,15,8,0,0
43,3655.720420515259,16,18,0,0
43,3655.720420515259,17,1,0,0
43,3655.720420515259,18,9,0,0
43,3655.720420515259,19,14,0,0
43,3655.720420515259,20,19,0,0
44,3661.118249785063,1,1,0,0
44,3661.118249785063,2,3,0,0
44,3661.118249785063,3,1,0,0
44,3661.118249785063,4,1,0,0
44,3661.118249785063,5,15,0,0
44,3661.118249785063,8,1,0,0
44,3661.118249785063,9,23,0,0
44,3661.118249785063,10,8,0,0
44,3661.118249785063,12,1,0,0
44,3661.118249785063,13,18,0,0
44,3661.118249785063,14,18,0,0
44,3661.118249785063,15,8,0,0
44,3661.118249785063,16,18,0,0
44,3661.118249785063,17,1,0,0
44,3661.118249785063,18,9,0,0
44,3661.118249785063,19,14,0,0
44,3661.118249785063,20,19,0,0
45,3666.5160790548675,1,1,0,0
45,3666.5160790548675,2,3,0,0
45,3666.5160790548675,3,1,0,0
45,3666.5160790548675,4,1,0,0
45,3666.5160790548675,5,15,0,0
45,3666.5160790548675,8,1,0,0
45,3666.5160790548675,9,24,0,0
45,3666.5160790548675,10,8,0,0
45,3666.5160790548675,12,1,0,0
45,3666.5160790548675,13,18,0,0
45,3666.5160790548675,14,18,0,0
45,3666.5160790548675,15,8,0,0
45,3666.5160790548675,16,18,0,0
45,3666.5160790548675,17,1,0,0
45,3666.5160790548675,18,9,0,0
45,3666.5160790548675,19,14,0,0
45,3666.5160790548675,20,19,0,0
46,3684.2466156886135,1,1,0,0
46,3684.2466156886135,2,3,0,0
46,3684.2466156886135,3,1,0,0
46,3684.2466156886135,4,1,0,0
46,3684.2466156886135,5,15,0,0
46,3684.2466156886135,8,1,0,0
46,3684.2466156886135,9,25,0,0
46,3684.2466156886135,10,8,0,0
46,3684.2466156886135,12,1,0,0
46,3684.2466156886135,13,18,0,0
46,3684.2466156886135,14,18,0,0
46,3684.2466156886135,15,8,0,0
46,3684.2466156886135,16,18,0,0
46,3684.2466156886135,17,1,0,0
46,3684.2466156886135,18,9,0,0
46,3684.2466156886135,19,14,0,0
46,3684.2466156886135,20,19,0,0
47,3695.6118840054864,1,1,0,0
47,3695.6118840054864,2,3,0,0
47,3695.6118840054864,3,1,0,0
47,3695.6118840054864,4,1,0,0
47,3695.6118840054864,5,15,0,0
47,3695.6118840054864,8,1,0,0
47,3695.6118840054864,9,26,0,0
47,3695.6118840054864,10,8,0,0
47,3695.6118840054864,12,1,0,0
47,3695.6118840054864,13,18,0,0
47,3695.6118840054864,14,18,0,0
47,3695.6118840054864,15,8,0,0
47,3695.6118840054864,16,18,0,0
47,3695.6118840054864,17,1,0,0
47,3695.6118840054864,18,9,0,0
47,3695.6118840054864,19,14,0,0
47,3695.6118840054864,20,19,0,0
48,3703.794518163923,1,1,0,0
48,3703.794518163923,2,3,0,0
48,3703.794518163923,3,1,0,0
48,3703.794518163923,4,1,0,0
48,3703.794518163923,5,15,0,0
48,3703.794518163923,8,1,0,0
48,3703.794518163923,9,27,0,0
48,3703.794518163923,10,8,0,0
48,3703.794518163923,12,1,0,0
48,3703.794518163923,13,18,0,0
48,3703.794518163923,14,18,0,0
48,3703.794518163923,15,8,0,0
48,3703.794518163923,16,18,0,0
48,3703.794518163923,17,1,0,0
48,3703.794518163923,18,9,0,0
48,3703.794518163923,19,14,0,0
48,3703.794518163923,20,19,0,0
49,3710.385835243141,1,1,0,0
49,3710.385835243141,2,3,0,0
49,3710.385835243141,3,1,0,0
49,3710.385835243141,4,1,0,0
49,3710.385835243141,5,15,0,0
49,3710.385835243141,8,1,0,0
49,3710.385835243141,9,28,0,0
49,3710.385835243141,10,8,0,0
49,3710.385835243141,12,1,0,0
49,3710.385835243141,13,18,0,0
49,3710.385835243141,14,18,0,0
49,3710.385835243141,15,8,0,0
49,3710.385835243141,16,18,0,0
49,3710.385835243141,17,1,0,0
49,3710.385835243141,18,9,0,0
49,3710.385835243141,19,14,0,0
49,3710.385835243141,20,19,0,0
50,3716.1814937827503,1,1,0,0
50,3716.1814937827503,2,3,0,0
50,3716.1814937827503,3,1,0,0
50,3716.1814937827503,4,1,0,0
50,3716.1814937827503,5,15,0,0
50,3716.1814937827503,8,1,0,0
50,3716.1814937827503,9,29,0,0
50,3716.1814937827503,10,8,0,0
50,3716.1814937827503,12,1,0,0
50,3716.1814937827503,13,18,0,0
50,3716.1814937827503,14,18,0,0
50,3716.1814937827503,15,8,0,0
50,3716.1814937827503,16,18,0,0
50,3716.1814937827503,17,1,0,0
50,3716.1814937827503,18,9,0,0
50,3716.1814937827503,19,14,0,0
50,3716.1814937827503,20,19,0,0
51,3721.579323052555,1,1,0,0
51,3721.579323052555,2,3,0,0
51,3721.579323052555,3,1,0,0
51,3721.579323052555,4,1,0,0
51,3721.579323052555,5,15,0,0
51,3721.579323052555,8,1,0,0
51,3721.579323052555,9,30,0,0
51,3721.579323052555,10,8,0,0
51,3721.579323052555,12,1,0,0
51,3721.579323052555,13,18,0,0
51,3721.579323052555,14,18,0,0
51,3721.579323052555,15,8,0,0
51,3721.579323052555,16,18,0,0
51,3721.579323052555,17,1,0,0
51,3721.579323052555,18,9,0,0
51,3721.579323052555,19,14,0,0
51,3721.579323052555,20,19,0,0
52,3739.115680219525,1,1,0,0
52,3739.115680219525,2,3,0,0
52,3739.115680219525,3,1,0,0
52,3739.115680219525,4,1,0,0
52,3739.115680219525,5,15,0,0
52,3739.115680219525,8,1,0,0
52,3739.115680219525,9,31,0,0
52,3739.115680219525,10,8,0,0
52,3739.115680219525,12,1,0,0
52,3739.115680219525,13,18,0,0
52,3739.115680219525,14,18,0,0
52,3739.115680219525,15,8,0,0
52,3739.115680219525,16,18,0,0
52,3739.115680219525,17,1,0,0
52,3739.115680219525,18,9,0,0
52,3739.115680219525,19,14,0,0
52,3739.115680219525,20,19,0,0
53,3750.480948536398,1,1,0,0
53,3750.480948536398,2,3,0,0
53,3750.480948536398,3,1,0,0
53,3750.480948536398,4,1,0,0
53,3750.480948536398,5,15,0,0
53,3750.480948536398,8,1,0,0
53,3750.480948536398,9,32,0,0
53,3750.480948536398,10,8,0,0
53,3750.480948536398,12,1,0,0
53,3750.480948536398,13,18,0,0
53,3750.480948536398,14,18,0,0
53,3750.480948536398,15,8,0,0
53,3750.480948536398,16,18,0,0
53,3750.480948536398,17,1,0,0
53,3750.480948536398,18,9,0,0
53,3750.480948536398,19,14,0,0
53,3750.480948536398,20,19,0,0
54,3757.7579179002164,1,1,0,0
54,3757.7579179002164,2,3,0,0
54,3757.7579179002164,3,1,0,0
54,3757.7579179002164,4,1,0,0
54,3757.7579179002164,5,15,0,0
54,3757.7579179002164,8,1,0,0
54,3757.7579179002164,9,32,0,0
54,3757.7579179002164,10,8,0,0
54,3757.7579179002164,12,1,0,0
54,3757.7579179002164,13,18,0,0
54,3757.7579179002164,14,18,0,0
54,3757.7579179002164,15,8,0,0
54,3757.7579179002164,16,18,0,0
54,3757.7579179002164,17,1,0,0
54,3757.7579179002164,18,9,0,0
54,3757.7579179002164,19,14,0,0
54,3757.7579179002164,20,19,0,0
55,3767.6861211304918,1,1,0,0
55,3767.6861211304918,2,3,0,0
55,3767.6861211304918,3,1,0,0
55,3767.6861211304918,4,1,0,0
55,3767.6861211304918,5,15,0,0
55,3767.6861211304918,8,1,0,0
55,3767.6861211304918,9,32,0,0
55,3767.6861211304918,10,8,0,0
55,3767.6861211304918,12,1,0,0
55,3767.6861211304918,13,18,0,0
55,3767.6861211304918,14,18,0,0
55,3767.6861211304918,15,8,0,0
55,3767.6861211304918,16,18,0,0
55,3767.6861211304918,17,1,0,0
55,3767.6861211304918,18,9,0,0
55,3767.6861211304918,19,14,0,0
55,3767.6861211304918,20,19,0,0
56,3779.614324360767,1,1,0,0
56,3779.614324360767,2,3,0,0
56,3779.614324360767,3,1,0,0
56,3779.614324360767,4,1,0,0
56,3779.614324360767,5,15,0,0
56,3779.614324360767,8,1,0,0
56,3779.614324360767,9,32,0,0
56,3779.614324360767,10,8,0,0
56,3779.614324360767,12,1,0,0
56,3779.614324360767,13,18,0,0
56,3779.614324360767,14,18,0,0
56,3779.614324360767,15,8,0,0
56,3779.614324360767,16,18,0,0
56,3779.614324360767,17,1,0,0
56,3779.614324360767,18,9,0,0
56,3779.614324360767,19,14,0,0
56,3779.614324360767,20,19,0,0
57,3915.349012211015,1,1,0,0
57,3915.349012211015,2,3,0,0
57,3915.349012211015,3,1,0,0
57,3915.349012211015,4,1,0,0
57,3915.349012211015,5,15,0,0
57,3915.349012211015,8,1,0,0
57,3915.349012211015,9,32,0,0
57,3915.349012211015,10,8,0,0
57,3915.349012211015,12,1,0,0
57,3915.349012211015,13,18,0,0
57,3915.349012211015,14,18,0,0
57,3915.349012211015,15,8,0,0
57,3915.349012211015,16,18,0,0
57,3915.349012211015,17,1,0,0
57,3915.349012211015,18,9,0,0
57,3915.349012211015,19,14,0,0
57,3915.349012211015,20,19,0,0
58,3960.349012211015,1,1,0,0
58,3960.349012211015,2,3,0,0
58,3960.349012211015,3,1,0,0
58,3960.349012211015,4,1,0,0
58,3960.349012211015,5,15,0,0
58,3960.349012211015,8,1,0,0
58,3960.349012211015,9,32,0,0
58,3960.349012211015,10,8,0,0
58,3960.349012211015,12,1,0,0
58,3960.349012211015,13,18,0,0
58,3960.349012211015,14,18,0,0
58,3960.349012211015,15,8,0,0
58,3960.349012211015,16,18,0,0
58,3960.349012211015,17,1,0,0
58,3960.349012211015,18,9,0,0
58,3960.349012211015,19,14,0,0
58,3960.349012211015,20,19,0,0
59,4005.349012211015,1,1,0,0
59,4005.349012211015,2,3,0,0
59,4005.349012211015,3,1,0,0
59,4005.349012211015,4,1,0,0
59,4005.349012211015,5,15,0,0
59,4005.349012211015,8,1,0,0
59,4005.349012211015,9,32,0,0
59,4005.349012211015,10,8,0,0
59,4005.349012211015,12,1,0,0
59,4005.349012211015,13,18,0,0
59,4005.349012211015,14,18,0,0
59,4005.349012211015,15,8,0,0
59,4005.349012211015,16,18,0,0
59,4005.349012211015,17,1,0,0
59,4005.349012211015,18,9,0,0
59,4005.349012211015,19,14,0,0
59,4005.349012211015,20,19,0,0
60,4035.9213147743512,1,1,0,0
60,4035.9213147743512,2,3,0,0
60,4035.9213147743512,3,1,0,0
60,4035.9213147743512,4,1,0,0
60,4035.9213147743512,5,15,0,0
60,4035.9213147743512,8,1,0,0
60,4035.9213147743512,9,32,0,0
60,4035.9213147743512,10,8,0,0
60,4035.9213147743512,12,1,0,0
60,4035.9213147743512,13,18,0,0
60,4035.9213147743512,14,18,0,0
60,4035.9213147743512,15,8,0,0
60,4035.9213147743512,16,18,0,0
60,4035.9213147743512,17,1,0,0
60,4035.9213147743512,18,9,0,0
60,4035.9213147743512,19,14,0,0
60,4035.9213147743512,20,19,0,0
61,4056.2759021708557,1,1,0,0
61,4056.2759021708557,2,3,0,0
61,4056.2759021708557,3,1,0,0
61,4056.2759021708557,4,1,0,0
61,4056.2759021708557,5,15,0,0
61,4056.2759021708557,8,1,0,0
61,4056.2759021708557,9,32,0,0
61,4056.2759021708557,10,8,0,0
61,4056.2759021708557,12,1,0,0
61,4056.2759021708557,13,18,0,0
61,4056.2759021708557,14,18,0,0
61,4056.2759021708557,15,8,0,0
61,4056.2759021708557,16,18,0,0
61,4056.2759021708557,17,1,0,0
61,4056.2759021708557,18,9,0,0
61,4056.2759021708557,19,14,0,0
61,4056.2759021708557,20,19,0,0
62,4070.3844953535095,1,1,0,0
62,4070.3844953535095,2,3,0,0
62,4070.3844953535095,3,1,0,0
62,4070.3844953535095,4,1,0,0
62,4070.3844953535095,5,15,0,0
62,4070.3844953535095,8,1,0,0
62,4070.3844953535095,9,32,0,0
62,4070.3844953535095,10,8,0,0
62,4070.3844953535095,12,1,0,0
62,4070.3844953535095,13,18,0,0
62,4070.3844953535095,14,18,0,0
62,4070.3844953535095,15,8,0,0
62,4070.3844953535095,16,18,0,0
62,4070.3844953535095,17,1,0,0
62,4070.3844953535095,18,9,0,0
62,4070.3844953535095,19,14,0,0
62,4070.3844953535095,20,19,0,0
63,4077.815446028307,1,1,0,0
63,4077.815446028307,2,3,0,0
63,4077.815446028307,3,1,0,0
63,4077.815446028307,4,1,0,0
63,4077.815446028307,5,15,0,0
63,4077.815446028307,8,1,0,0
63,4077.815446028307,9,32,0,0
63,4077.815446028307,10,8,0,0
63,4077.815446028307,12,1,0,0
63,4077.815446028307,13,18,0,0
63,4077.815446028307,14,18,0,0
63,4077.815446028307,15,8,0,0
63,4077.815446028307,16,18,0,0
63,4077.815446028307,17,1,0,0
63,4077.815446028307,18,9,0,0
63,4077.815446028307,19,14,0,0
63,4077.815446028307,20,19,0,0
64,4095.5029668932184,1,1,0,0
64,4095.5029668932184,2,3,0,0
64,4095.5029668932184,3,1,0,0
64,4095.5029668932184,4,1,0,0
64,4095.5029668932184,5,15,0,0
64,4095.5029668932184,8,1,0,0
64,4095.5029668932184,9,32,0,0
64,4095.5029668932184,10,8,0,0
64,4095.5029668932184,12,1,0,0
64,4095.5029668932184,13,18,0,0
64,4095.5029668932184,14,18,0,0
64,4095.5029668932184,15,8,0,0
64,4095.5029668932184,16,18,0,0
64,4095.5029668932184,17,1,0,0
64,4095.5029668932184,18,9,0,0
64,4095.5029668932184,19,14,0,0
64,4095.5029668932184,20,19,0,0
65,4179.555160443589,1,2,0,0
65,4179.555160443589,2,3,0,0
65,4179.555160443589,3,1,0,0
65,4179.555160443589,4,1,0,0
65,4179.555160443589,5,15,0,0
65,4179.555160443589,8,1,0,0
65,4179.555160443589,9,32,0,0
65,4179.555160443589,10,8,0,0
65,4179.555160443589,12,1,0,0
65,4179.555160443589,13,18,0,0
65,4179.555160443589,14,18,0,0
65,4179.555160443589,15,8,0,0
65,4179.555160443589,16,18,0,0
65,4179.555160443589,17,1,0,0
65,4179.555160443589,18,9,0,0
65,4179.555160443589,19,14,0,0
65,4179.555160443589,20,19,0,0
66,4216.56056163312,1,3,0,0
66,4216.56056163312,2,3,0,0
66,4216.56056163312,3,1,0,0
66,4216.56056163312,4,1,0,0
66,4216.56056163312,5,15,0,0
66,4216.56056163312,8,1,0,0
66,4216.56056163312,9,32,0,0
66,4216.56056163312,10,8,0,0
66,4216.56056163312,12,1,0,0
66,4216.56056163312,13,18,0,0
66,4216.56056163312,14,18,0,0
66,4216.56056163312,15,8,0,0
66,4216.56056163312,16,18,0,0
66,4216.56056163312,17,1,0,0
66,4216.56056163312,18,9,0,0
66,4216.56056163312,19,14,0,0
66,4216.56056163312,20,19,0,0
67,4245.56056163312,1,4,0,0
67,4245.56056163312,2,3,0,0
67,4245.56056163312,3,1,0,0
67,4245.56056163312,4,1,0,0
67,4245.56056163312,5,15,0,0
67,4245.56056163312,8,1,0,0
67,4245.56056163312,9,32,0,0
67,4245.56056163312,10,8,0,0
67,4245.56056163312,12,1,0,0
67,4245.56056163312,13,18,0,0
67,4245.56056163312,14,18,0,0
67,4245.56056163312,15,8,0,0
67,4245.56056163312,16,18,0,0
67,4245.56056163312,17,1,0,0
67,4245.56056163312,18,9,0,0
67,4245.56056163312,19,14,0,0
67,4245.56056163312,20,19,0,0
68,4251.906127444935,1,4,0,0
68,4251.906127444935,2,3,0,0
68,4251.906127444935,3,1,0,0
68,4251.906127444935,4,1,0,0
68,4251.906127444935,5,15,0,0
68,4251.906127444935,8,1,0,0
68,4251.906127444935,9,32,0,0
68,4251.906127444935,10,8,0,0
68,4251.906127444935,12,1,0,0
68,4251.906127444935,13,18,0,0
68,4251.906127444935,14,18,0,0
68,4251.906127444935,15,8,0,0
68,4251.906127444935,16,18,0,0
68,4251.906127444935,17,1,0,0
68,4251.906127444935,18,9,0,0
68,4251.906127444935,19,14,0,0
68,4251.906127444935,20,19,0,0
69,4269.905925735392,1,4,0,0
69,4269.905925735392,2,3,0,0
69,4269.905925735392,3,1,0,0
69,4269.905925735392,4,1,0,0
69,4269.905925735392,5,15,0,0
69,4269.905925735392,8,1,0,0
69,4269.905925735392,9,32,0,0
69,4269.905925735392,10,8,0,0
69,4269.905925735392,12,1,0,0
69,4269.905925735392,13,18,0,0
69,4269.905925735392,14,18,0,0
69,4269.905925735392,15,8,0,0
69,4269.905925735392,16,18,0,0
69,4269.905925735392,17,1,0,0
69,4269.905925735392,18,9,0,0
69,4269.905925735392,19,14,0,0
69,4269.905925735392,20,19,0,0
70,4282.754018899298,1,4,0,0
70,4282.754018899298,2,3,0,0
70,4282.754018899298,3,1,0,0
70,4282.754018899298,4,1,0,0
70,4282.754018899298,5,15,0,0
70,4282.754018899298,8,1,0,0
70,4282.754018899298,9,32,0,0
70,4282.754018899298,10,8,0,0
70,4282.754018899298,12,1,0,0
70,4282.754018899298,13,18,0,0
70,4282.754018899298,14,18,0,0
70,4282.754018899298,15,8,0,0
70,4282.754018899298,16,18,0,0
70,4282.754018899298,17,1,0,0
70,4282.754018899298,18,9,0,0
70,4282.754018899298,19,14,0,0
70,4282.754018899298,20,19,0,0
71,4341.022885269553,1,4,0,0
71,4341.022885269553,2,3,0,0
71,4341.022885269553,3,1,0,0
71,4341.022885269553,4,1,0,0
71,4341.022885269553,5,15,0,0
71,4341.022885269553,8,1,0,0
71,4341.022885269553,9,32,0,0
71,4341.022885269553,10,8,0,0
71,4341.022885269553,12,1,0,0
71,4341.022885269553,13,18,0,0
71,4341.022885269553,14,18,0,0
71,4341.022885269553,15,8,0,0
71,4341.022885269553,16,18,0,0
71,4341.022885269553,17,1,0,0
71,4341.022885269553,18,9,0,0
71,4341.022885269553,19,14,0,0
71,4341.022885269553,20,19,0,0
72,4386.022885269553,1,4,0,0
72,4386.022885269553,2,3,0,0
72,4386.022885269553,3,1,0,0
72,4386.022885269553,4,1,0,0
72,4386.022885269553,5,15,0,0
72,4386.022885269553,8,1,0,0
72,4386.022885269553,9,32,0,0
72,4386.022885269553,10,8,0,0
72,4386.022885269553,12,1,0,0
72,4386.022885269553,13,18,0,0
72,4386.022885269553,14,18,0,0
72,4386.022885269553,15,8,0,0
72,4386.022885269553,16,18,0,0
72,4386.022885269553,17,1,0,0
72,4386.022885269553,18,9,0,0
72,4386.022885269553,19,14,0,0
72,4386.022885269553,20,19,0,0
73,4421.148045290475,1,4,0,0
73,4421.148045290475,2,3,0,0
73,4421.148045290475,3,1,0,0
73,4421.148045290475,4,1,0,0
73,4421.148045290475,5,15,0,0
73,4421.148045290475,8,1,0,0
73,4421.148045290475,9,32,0,0
73,4421.148045290475,10,8,0,0
73,4421.148045290475,12,1,0,0
73,4421.148045290475,13,18,0,0
73,4421.148045290475,14,18,0,0
73,4421.148045290475,15,8,0,0
73,4421.148045290475,16,18,0,0
73,4421.148045290475,17,1,0,0
73,4421.148045290475,18,9,0,0
73,4421.148045290475,19,14,0,0
73,4421.148045290475,20,19,0,0
74,4444.1802160143225,1,4,0,0
74,4444.1802160143225,2,3,0,0
74,4444.1802160143225,3,1,0,0
74,4444.1802160143225,4,1,0,0
74,4444.1802160143225,5,15,0,0
74,4444.1802160143225,8,1,0,0
74,4444.1802160143225,9,32,0,0
74,4444.1802160143225,10,8,0,0
74,4444.1802160143225,12,1,0,0
74,4444.1802160143225,13,18,0,0
74,4444.1802160143225,14,18,0,0
74,4444.1802160143225,15,8,0,0
74,4444.1802160143225,16,18,0,0
74,4444.1802160143225,17,1,0,0
74,4444.1802160143225,18,9,0,0
74,4444.1802160143225,19,14,0,0
74,4444.1802160143225,20,19,0,0
75,4460.255665406971,1,4,0,0
75,4460.255665406971,2,3,0,0
75,4460.255665406971,3,1,0,0
75,4460.255665406971,4,1,0,0
75,4460.255665406971,5,15,0,0
75,4460.255665406971,8,1,0,0
75,4460.255665406971,9,32,0,0
75,4460.255665406971,10,8,0,0
75,4460.255665406971,12,1,0,0
75,4460.255665406971,13,18,0,0
75,4460.255665406971,14,18,0,0
75,4460.255665406971,15,8,0,0
75,4460.255665406971,16,18,0,0
75,4460.255665406971,17,1,0,0
75,4460.255665406971,18,9,0,0
75,4460.255665406971,19,14,0,0
75,4460.255665406971,20,19,0,0
76,4471.860062277632,1,4,0,0
76,4471.860062277632,2,3,0,0
76,4471.860062277632,3,1,0,0
76,4471.860062277632,4,1,0,0
76,4471.860062277632,5,15,0,0
76,4471.860062277632,8,1,0,0
76,4471.860062277632,9,32,0,0
76,4471.860062277632,10,8,0,0
76,4471.860062277632,12,1,0,0
76,4471.860062277632,13,18,0,0
76,4471.860062277632,14,18,0,0
76,4471.860062277632,15,8,0,0
76,4471.860062277632,16,18,0,0
76,4471.860062277632,17,1,0,0
76,4471.860062277632,18,9,0,0
76,4471.860062277632,19,14,0,0
76,4471.860062277632,20,19,0,0
77,4480.86645876742,1,4,0,0
77,4480.86645876742,2,3,0,0
77,4480.86645876742,3,1,0,0
77,4480.86645876742,4,1,0,0
77,4480.86645876742,5,15,0,0
77,4480.86645876742,8,1,0,0
77,4480.86645876742,9,32,0,0
77,4480.86645876742,10,8,0,0
77,4480.86645876742,12,1,0,0
77,4480.86645876742,13,18,0,0
77,4480.86645876742,14,18,0,0
77,4480.86645876742,15,8,0,0
77,4480.86645876742,16,18,0,0
77,4480.86645876742,17,1,0,0
77,4480.86645876742,18,9,0,0
77,4480.86645876742,19,14,0,0
77,4480.86645876742,20,19,0,0
78,4489.0342036580905,1,4,0,0
78,4489.0342036580905,2,3,0,0
78,4489.0342036580905,3,1,0,0
78,4489.0342036580905,4,1,0,0
78,4489.0342036580905,5,15,0,0
78,4489.0342036580905,8,1,0,0
78,4489.0342036580905,9,32,0,0
78,4489.0342036580905,10,8,0,0
78,4489.0342036580905,12,1,0,0
78,4489.0342036580905,13,18,0,0
78,4489.0342036580905,14,18,0,0
78,4489.0342036580905,15,8,0,0
78,4489.0342036580905,16,18,0,0
78,4489.0342036580905,17,1,0,0
78,4489.0342036580905,18,9,0,0
78,4489.0342036580905,19,14,0,0
78,4489.0342036580905,20,19,0,0
79,4496.561071025556,1,4,0,0
79,4496.561071025556,2,3,0,0
79,4496.561071025556,3,1,0,0
79,4496.561071025556,4,1,0,0
79,4496.561071025556,5,15,0,0
79,4496.561071025556,8,1,0,0
79,4496.561071025556,9,32,0,0
79,4496.561071025556,10,8,0,0
79,4496.561071025556,12,1,0,0
79,4496.561071025556,13,18,0,0
79,4496.561071025556,14,18,0,0
79,4496.561071025556,15,8,0,0
79,4496.561071025556,16,18,0,0
79,4496.561071025556,17,1,0,0
79,4496.561071025556,18,9,0,0
79,4496.561071025556,19,14,0,0
79,4496.561071025556,20,19,0,0
80,4503.548031894122,1,4,0,0
80,4503.548031894122,2,3,0,0
80,4503.548031894122,3,1,0,0
80,4503.548031894122,4,1,0,0
80,4503.548031894122,5,15,0,0
80,4503.548031894122,8,1,0,0
80,4503.548031894122,9,32,0,0
80,4503.548031894122,10,8,0,0
80,4503.548031894122,12,1,0,0
80,4503.548031894122,13,18,0,0
80,4503.548031894122,14,18,0,0
80,4503.548031894122,15,8,0,0
80,4503.548031894122,16,18,0,0
80,4503.548031894122,17,1,0,0
80,4503.548031894122,18,9,0,0
80,4503.548031894122,19,14,0,0
80,4503.548031894122,20,19,0,0
81,4512.495875368381,1,4,0,0
81,4512.495875368381,2,3,0,0
81,4512.495875368381,3,1,0,0
81,4512.495875368381,4,1,0,0
81,4512.495875368381,5,15,0,0
81,4512.495875368381,8,1,0,0
81,4512.495875368381,9,32,0,0
81,4512.495875368381,10,8,0,0
81,4512.495875368381,12,1,0,0
81,4512.495875368381,13,18,0,0
81,4512.495875368381,14,18,0,0
81,4512.495875368381,15,8,0,0
81,4512.495875368381,16,18,0,0
81,4512.495875368381,17,1,0,0
81,4512.495875368381,18,9,0,0
81,4512.495875368381,19,14,0,0
81,4512.495875368381,20,19,0,0
82,4568.003487093596,1,4,0,0
82,4568.003487093596,2,3,0,0
82,4568.003487093596,3,1,0,0
82,4568.003487093596,4,1,0,0
82,4568.003487093596,5,15,0,0
82,4568.003487093596,8,1,0,0
82,4568.003487093596,9,32,0,0
82,4568.003487093596,10,8,0,0
82,4568.003487093596,12,1,0,0
82,4568.003487093596,13,18,0,0
82,4568.003487093596,14,18,0,0
82,4568.003487093596,15,8,0,0
82,4568.003487093596,16,18,0,0
82,4568.003487093596,17,1,0,0
82,4568.003487093596,18,9,0,0
82,4568.003487093596,19,14,0,0
82,4568.003487093596,20,19,0,0
83,4601.658219591602,1,4,0,0
83,4601.658219591602,2,3,0,0
83,4601.658219591602,3,1,0,0
83,4601.658219591602,4,1,0,0
83,4601.658219591602,5,15,0,0
83,4601.658219591602,8,1,0,0
83,4601.658219591602,9,32,0,0
83,4601.658219591602,10,8,0,0
83,4601.658219591602,12,1,0,0
83,4601.658219591602,13,18,0,0
83,4601.658219591602,14,18,0,0
83,4601.658219591602,15,8,0,0
83,4601.658219591602,16,18,0,0
83,4601.658219591602,17,1,0,0
83,4601.658219591602,18,9,0,0
83,4601.658219591602,19,14,0,0
83,4601.658219591602,20,19,0,0
84,4623.577035340372,1,4,0,0
84,4623.577035340372,2,3,0,0
84,4623.577035340372,3,1,0,0
84,4623.577035340372,4,1,0,0
84,4623.577035340372,5,15,0,0
84,4623.577035340372,8,1,0,0
84,4623.577035340372,9,32,0,0
84,4623.577035340372,10,8,0,0
84,4623.577035340372,12,1,0,0
84,4623.577035340372,13,18,0,0
84,4623.577035340372,14,18,0,0
84,4623.577035340372,15,8,0,0
84,4623.577035340372,16,18,0,0
84,4623.577035340372,17,1,0,0
84,4623.577035340372,18,9,0,0
84,4623.577035340372,19,14,0,0
84,4623.577035340372,20,19,0,0
85,4638.637400575007,1,4,0,0
85,4638.637400575007,2,3,0,0
85,4638.637400575007,3,1,0,0
85,4638.637400575007,4,1,0,0
85,4638.637400575007,5,15,0,0
85,4638.637400575007,8,1,0,0
85,4638.637400575007,9,32,0,0
85,4638.637400575007,10,8,0,0
85,4638.637400575007,12,1,0,0
85,4638.637400575007,13,18,0,0
85,4638.637400575007,14,18,0,0
85,4638.637400575007,15,8,0,0
85,4638.637400575007,16,18,0,0
85,4638.637400575007,17,1,0,0
85,4638.637400575007,18,9,0,0
85,4638.637400575007,19,14,0,0
85,4638.637400575007,20,19,0,0
86,4649.775279008061,1,4,0,0
86,4649.775279008061,2,3,0,0
86,4649.775279008061,3,1,0,0
86,4649.775279008061,4,1,0,0
86,4649.775279008061,5,15,0,0
86,4649.775279008061,8,1,0,0
86,4649.775279008061,9,32,0,0
86,4649.775279008061,10,8,0,0
86,4649.775279008061,12,1,0,0
86,4649.775279008061,13,18,0,0
86,4649.775279008061,14,18,0,0
86,4649.775279008061,15,8,0,0
86,4649.775279008061,16,18,0,0
86,4649.775279008061,17,1,0,0
86,4649.775279008061,18,9,0,0
86,4649.775279008061,19,14,0,0
86,4649.775279008061,20,19,0,0
87,4658.477288626259,1,4,0,0
87,4658.477288626259,2,3,0,0
87,4658.477288626259,3,1,0,0
87,4658.477288626259,4,1,0,0
87,4658.477288626259,5,15,0,0
87,4658.477288626259,8,1,0,0
87,4658.477288626259,9,32,0,0
87,4658.477288626259,10,8,0,0
87,4658.477288626259,12,1,0,0
87,4658.477288626259,13,18,0,0
87,4658.477288626259,14,18,0,0
87,4658.477288626259,15,8,0,0
87,4658.477288626259,16,18,0,0
87,4658.477288626259,17,1,0,0
87,4658.477288626259,18,9,0,0
87,4658.477288626259,19,14,0,0
87,4658.477288626259,20,19,0,0
88,4665.701022968098,1,4,0,0
88,4665.701022968098,2,3,0,0
88,4665.701022968098,3,1,0,0
88,4665.701022968098,4,1,0,0
88,4665.701022968098,5,15,0,0
88,4665.701022968098,8,1,0,0
88,4665.701022968098,9,32,0,0
88,4665.701022968098,10,8,0,0
88,4665.701022968098,12,1,0,0
88,4665.701022968098,13,18,0,0
88,4665.701022968098,14,18,0,0
88,4665.701022968098,15,8,0,0
88,4665.701022968098,16,18,0,0
88,4665.701022968098,17,1,0,0
88,4665.701022968098,18,9,0,0
88,4665.701022968098,19,14,0,0
88,4665.701022968098,20,19,0,0
89,4672.343362806168,1,4,0,0
89,4672.343362806168,2,3,0,0
89,4672.343362806168,3,1,0,0
89,4672.343362806168,4,1,0,0
89,4672.343362806168,5,15,0,0
89,4672.343362806168,8,1,0,0
89,4672.343362806168,9,32,0,0
89,4672.343362806168,10,8,0,0
89,4672.343362806168,12,1,0,0
89,4672.343362806168,13,18,0,0
89,4672.343362806168,14,18,0,0
89,4672.343362806168,15,8,0,0
89,4672.343362806168,16,18,0,0
89,4672.343362806168,17,1,0,0
89,4672.343362806168,18,9,0,0
89,4672.343362806168,19,14,0,0
89,4672.343362806168,20,19,0,0
90,4677.343362806168,1,4,0,0
90,4677.343362806168,2,3,0,0
90,4677.343362806168,3,1,0,0
90,4677.343362806168,4,1,0,0
90,4677.343362806168,5,15,0,0
90,4677.343362806168,8,1,0,0
90,4677.343362806168,9,32,0,0
90,4677.343362806168,10,8,0,0
90,4677.343362806168,12,1,0,0
90,4677.343362806168,13,18,0,0
90,4677.343362806168,14,18,0,0
90,4677.343362806168,15,8,0,0
90,4677.343362806168,16,18,0,0
90,4677.343362806168,17,1,0,0
90,4677.343362806168,18,9,0,0
90,4677.343362806168,19,14,0,0
90,4677.343362806168,20,19,0,0
91,4752.815304844345,1,4,0,0
91,4752.815304844345,2,3,0,0
91,4752.815304844345,3,1,0,0
91,4752.815304844345,4,1,0,0
91,4752.815304844345,5,15,0,0
91,4752.815304844345,8,1,0,0
91,4752.815304844345,9,32,0,0
91,4752.815304844345,10,8,0,0
91,4752.815304844345,12,1,0,0
91,4752.815304844345,13,18,0,0
91,4752.815304844345,14,18,0,0
91,4752.815304844345,15,8,0,0
91,4752.815304844345,16,18,0,0
91,4752.815304844345,17,1,0,0
91,4752.815304844345,18,9,0,0
91,4752.815304844345,19,14,0,0
91,4752.815304844345,20,19,0,0
92,4776.719346759529,1,4,0,0
92,4776.719346759529,2,3,0,0
92,4776.719346759529,3,1,0,0
92,4776.719346759529,4,1,0,0
92,4776.719346759529,5,15,0,0
92,4776.719346759529,8,1,0,0
92,4776.719346759529,9,32,0,0
92,4776.719346759529,10,8,0,0
92,4776.719346759529,12,1,0,0
92,4776.719346759529,13,18,0,0
92,4776.719346759529,14,18,0,0
92,4776.719346759529,15,8,0,0
92,4776.719346759529,16,18,0,0
92,4776.719346759529,17,1,0,0
92,4776.719346759529,18,9,0,0
92,4776.719346759529,19,14,0,0
92,4776.719346759529,20,19,0,0
93,4811.171510037282,1,4,0,0
93,4811.171510037282,2,3,0,0
93,4811.171510037282,3,1,0,0
93,4811.171510037282,4,1,0,0
93,4811.171510037282,5,15,0,0
93,4811.171510037282,8,1,0,0
93,4811.171510037282,9,32,0,0
93,4811.171510037282,10,8,0,0
93,4811.171510037282,12,1,0,0
93,4811.171510037282,13,18,0,0
93,4811.171510037282,14,18,0,0
93,4811.171510037282,15,8,0,0
93,4811.171510037282,16,18,0,0
93,4811.171510037282,17,1,0,0
93,4811.171510037282,18,9,0,0
93,4811.171510037282,19,14,0,0
93,4811.171510037282,20,19,0,0
94,4825.158905485899,1,4,0,0
94,4825.158905485899,2,3,0,0
94,4825.158905485899,3,1,0,0
94,4825.158905485899,4,1,0,0
94,4825.158905485899,5,15,0,0
94,4825.158905485899,8,1,0,0
94,4825.158905485899,9,32,0,0
94,4825.158905485899,10,8,0,0
94,4825.158905485899,12,1,0,0
94,4825.158905485899,13,18,0,0
94,4825.158905485899,14,18,0,0
94,4825.158905485899,15,8,0,0
94,4825.158905485899,16,18,0,0
94,4825.158905485899,17,1,0,0
94,4825.158905485899,18,9,0,0
94,4825.158905485899,19,14,0,0
94,4825.158905485899,20,19,0,0
95,4835.594227017635,1,4,0,0
95,4835.594227017635,2,3,0,0
95,4835.594227017635,3,1,0,0
95,4835.594227017635,4,1,0,0
95,4835.594227017635,5,15,0,0
95,4835.594227017635,8,1,0,0
95,4835.594227017635,9,32,0,0
95,4835.594227017635,10,8,0,0
95,4835.594227017635,12,1,0,0
95,4835.594227017635,13,18,0,0
95,4835.594227017635,14,18,0,0
95,4835.594227017635,15,8,0,0
95,4835.594227017635,16,18,0,0
95,4835.594227017635,17,1,0,0
95,4835.594227017635,18,9,0,0
95,4835.594227017635,19,14,0,0
95,4835.594227017635,20,19,0,0
96,4848.807193927433,1,4,0,0
96,4848.807193927433,2,3,0,0
96,4848.807193927433,3,1,0,0
96,4848.807193927433,4,1,0,0
96,4848.807193927433,5,15,0,0
96,4848.807193927433,8,1,0,0
96,4848.807193927433,9,32,0,0
96,4848.807193927433,10,8,0,0
96,4848.807193927433,12,1,0,0
96,4848.807193927433,13,18,0,0
96,4848.807193927433,14,18,0,0
96,4848.807193927433,15,8,0,0
96,4848.807193927433,16,18,0,0
96,4848.807193927433,17,1,0,0
96,4848.807193927433,18,9,0,0
96,4848.807193927433,19,14,0,0
96,4848.807193927433,20,19,0,0
97,4872.085279670203,1,4,0,0
97,4872.085279670203,2,3,0,0
97,4872.085279670203,3,1,0,0
97,4872.085279670203,4,1,0,0
97,4872.085279670203,5,15,0,0
97,4872.085279670203,8,1,0,0
97,4872.085279670203,9,32,0,0
97,4872.085279670203,10,8,0,0
97,4872.085279670203,12,1,0,0
97,4872.085279670203,13,18,0,0
97,4872.085279670203,14,18,0,0
97,4872.085279670203,15,8,0,0
97,4872.085279670203,16,18,0,0
97,4872.085279670203,17,1,0,0
97,4872.085279670203,18,9,0,0
97,4872.085279670203,19,14,0,0
97,4872.085279670203,20,19,0,0
98,4895.479741958052,1,4,0,0
98,4895.479741958052,2,3,0,0
98,4895.479741958052,3,1,0,0
98,4895.479741958052,4,1,0,0
98,4895.479741958052,5,15,0,0
98,4895.479741958052,8,1,0,0
98,4895.479741958052,9,32,0,0
98,4895.479741958052,10,8,0,0
98,4895.479741958052,12,1,0,0
98,4895.479741958052,13,18,0,0
98,4895.479741958052,14,18,0,0
98,4895.479741958052,15,8,0,0
98,4895.479741958052,16,18,0,0
98,4895.479741958052,17,1,0,0
98,4895.479741958052,18,9,0,0
98,4895.479741958052,19,14,0,0
98,4895.479741958052,20,19,0,0
99,4926.984036141709,1,5,0,0
99,4926.984036141709,2,3,0,0
99,4926.984036141709,3,1,0,0
99,4926.984036141709,4,1,0,0
99,4926.984036141709,5,15,0,0
99,4926.984036141709,8,1,0,0
99,4926.984036141709,9,32,0,0
99,4926.984036141709,10,8,0,0
99,4926.984036141709,12,1,0,0
99,4926.984036141709,13,18,0,0
99,4926.984036141709,14,18,0,0
99,4926.984036141709,15,8,0,0
99,4926.984036141709,16,18,0,0
99,4926.984036141709,17,1,0,0
99,4926.984036141709,18,9,0,0
99,4926.984036141709,19,14,0,0
99,4926.984036141709,20,19,0,0
100,4931.984036141709,1,6,0,0
100,4931.984036141709,2,3,0,0
100,4931.984036141709,3,1,0,0
100,4931.984036141709,4,1,0,0
100,4931.984036141709,5,15,0,0
100,4931.984036141709,8,1,0,0
100,4931.984036141709,9,32,0,0
100,4931.984036141709,10,8,0,0
100,4931.984036141709,12,1,0,0
100,4931.984036141709,13,18,0,0
100,4931.984036141709,14,18,0,0
100,4931.984036141709,15,8,0,0
100,4931.984036141709,16,18,0,0
100,4931.984036141709,17,1,0,0
100,4931.984036141709,18,9,0,0
100,4931.984036141709,19,14,0,0
100,4931.984036141709,20,19,0,0
101,4936.984036141709,1,7,0,0
101,4936.984036141709,2,3,0,0
101,4936.984036141709,3,1,0,0
101,4936.984036141709,4,1,0,0
101,4936.984036141709,5,15,0,0
101,4936.984036141709,8,1,0,0
101,4936.984036141709,9,32,0,0
101,4936.984036141709,10,8,0,0
101,4936.984036141709,12,1,0,0
101,4936.984036141709,13,18,0,0
101,4936.984036141709,14,18,0,0
101,4936.984036141709,15,8,0,0
101,4936.984036141709,16,18,0,0
101,4936.984036141709,17,1,0,0
101,4936.984036141709,18,9,0,0
101,4936.984036141709,19,14,0,0
101,4936.984036141709,20,19,0,0
102,4941.984036141709,1,8,0,0
102,4941.984036141709,2,3,0,0
102,4941.984036141709,3,1,0,0
102,4941.984036141709,4,1,0,0
102,4941.984036141709,5,15,0,0
102,4941.984036141709,8,1,0,0
102,4941.984036141709,9,32,0,0
102,4941.984036141709,10,8,0,0
102,4941.984036141709,12,1,0,0
102,4941.984036141709,13,18,0,0
102,4941.984036141709,14,18,0,0
102,4941.984036141709,15,8,0,0
102,4941.984036141709,16,18,0,0
102,4941.984036141709,17,1,0,0
102,4941.984036141709,18,9,0,0
102,4941.984036141709,19,14,0,0
102,4941.984036141709,20,19,0,0
103,4946.984036141709,1,9,0,0
103,4946.984036141709,2,3,0,0
103,4946.984036141709,3,1,0,0
103,4946.984036141709,4,1,0,0
103,4946.984036141709,5,15,0,0
103,4946.984036141709,8,1,0,0
103,4946.984036141709,9,32,0,0
103,4946.984036141709,10,8,0,0
103,4946.984036141709,12,1,0,0
103,4946.984036141709,13,18,0,0
103,4946.984036141709,14,18,0,0
103,4946.984036141709,15,8,0,0
103,4946.984036141709,16,18,0,0
103,4946.984036141709,17,1,0,0
103,4946.984036141709,18,9,0,0
103,4946.984036141709,19,14,0,0
103,4946.984036141709,20,19,0,0
104,4951.984036141709,1,10,0,0
104,4951.984036141709,2,3,0,0
104,4951.984036141709,3,1,0,0
104,4951.984036141709,4,1,0,0
104,4951.984036141709,5,15,0,0
104,4951.984036141709,8,1,0,0
104,4951.984036141709,9,32,0,0
104,4951.984036141709,10,8,0,0
104,4951.984036141709,12,1,0,0
104,4951.984036141709,13,18,0,0
104,4951.984036141709,14,18,0,0
104,4951.984036141709,15,8,0,0
104,4951.984036141709,16,18,0,0
104,4951.984036141709,17,1,0,0
104,4951.984036141709,18,9,0,0
104,4951.984036141709,19,14,0,0
104,4951.984036141709,20,19,0,0
105,4956.984036141709,1,11,0,0
105,4956.984036141709,2,3,0,0
105,4956.984036141709,3,1,0,0
105,4956.984036141709,4,1,0,0
105,4956.984036141709,5,15,0,0
105,4956.984036141709,8,1,0,0
105,4956.984036141709,9,32,0,0
105,4956.984036141709,10,8,0,0
105,4956.984036141709,12,1,0,0
105,4956.984036141709,13,18,0,0
105,4956.984036141709,14,18,0,0
105,4956.984036141709,15,8,0,0
105,4956.984036141709,16,18,0,0
105,4956.984036141709,17,1,0,0
105,4956.984036141709,18,9,0,0
105,4956.984036141709,19,14,0,0
105,4956.984036141709,20,19,0,0
106,4961.984036141709,1,12,0,0
106,4961.984036141709,2,3,0,0
106,4961.984036141709,3,1,0,0
106,4961.984036141709,4,1,0,0
106,4961.984036141709,5,15,0,0
106,4961.984036141709,8,1,0,0
106,4961.984036141709,9,32,0,0
106,4961.984036141709,10,8,0,0
106,4961.984036141709,12,1,0,0
106,4961.984036141709,13,18,0,0
106,4961.984036141709,14,18,0,0
106,4961.984036141709,15,8,0,0
106,4961.984036141709,16,18,0,0
106,4961.984036141709,17,1,0,0
106,4961.984036141709,18,9,0,0
106,4961.984036141709,19,14,0,0
106,4961.984036141709,20,19,0,0
107,4966.984036141709,1,13,0,0
107,4966.984036141709,2,3,0,0
107,4966.984036141709,3,1,0,0
107,4966.984036141709,4,1,0,0
107,4966.984036141709,5,15,0,0
107,4966.984036141709,8,1,0,0
107,4966.984036141709,9,32,0,0
107,4966.984036141709,10,8,0,0
107,4966.984036141709,12,1,0,0
107,4966.984036141709,13,18,0,0
107,4966.984036141709,14,18,0,0
107,4966.984036141709,15,8,0,0
107,4966.984036141709,16,18,0,0
107,4966.984036141709,17,1,0,0
107,4966.984036141709,18,9,0,0
107,4966.984036141709,19,14,0,0
107,4966.984036141709,20,19,0,0
108,4971.984036141709,1,14,0,0
108,4971.984036141709,2,3,0,0
108,4971.984036141709,3,1,0,0
108,4971.984036141709,4,1,0,0
108,4971.984036141709,5,15,0,0
108,4971.984036141709,8,1,0,0
108,4971.984036141709,9,32,0,0
108,4971.984036141709,10,8,0,0
108,4971.984036141709,12,1,0,0
108,4971.984036141709,13,18,0,0
108,4971.984036141709,14,18,0,0
108,4971.984036141709,15,8,0,0
108,4971.984036141709,16,18,0,0
108,4971.984036141709,17,1,0,0
108,4971.984036141709,18,9,0,0
108,4971.984036141709,19,14,0,0
108,4971.984036141709,20,19,0,0
109,4976.984036141709,1,15,0,0
109,4976.984036141709,2,3,0,0
109,4976.984036141709,3,1,0,0
109,4976.984036141709,4,1,0,0
109,4976.984036141709,5,15,0,0
109,4976.984036141709,8,1,0,0
109,4976.984036141709,9,32,0,0
109,4976.984036141709,10,8,0,0
109,4976.984036141709,12,1,0,0
109,4976.984036141709,13,18,0,0
109,4976.984036141709,14,18,0,0
109,4976.984036141709,15,8,0,0
109,4976.984036141709,16,18,0,0
109,4976.984036141709,17,1,0,0
109,4976.984036141709,18,9,0,0
109,4976.984036141709,19,14,0,0
109,4976.984036141709,20,19,0,0
110,4981.984036141709,1,16,0,0
110,4981.984036141709,2,3,0,0
110,4981.984036141709,3,1,0,0
110,4981.984036141709,4,1,0,0
110,4981.984036141709,5,15,0,0
110,4981.984036141709,8,1,0,0
110,4981.984036141709,9,32,0,0
110,4981.984036141709,10,8,0,0
110,4981.984036141709,12,1,0,0
110,4981.984036141709,13,18,0,0
110,4981.984036141709,14,18,0,0
110,4981.984036141709,15,8,0,0
110,4981.984036141709,16,18,0,0
110,4981.984036141709,17,1,0,0
110,4981.984036141709,18,9,0,0
110,4981.984036141709,19,14,0,0
110,4981.984036141709,20,19,0,0
111,4986.984036141709,1,17,0,0
111,4986.984036141709,2,3,0,0
111,4986.984036141709,3,1,0,0
111,4986.984036141709,4,1,0,0
111,4986.984036141709,5,15,0,0
111,4986.984036141709,8,1,0,0
111,4986.984036141709,9,32,0,0
111,4986.984036141709,10,8,0,0
111,4986.984036141709,12,1,0,0
111,4986.984036141709,13,18,0,0
111,4986.984036141709,14,18,0,0
111,4986.984036141709,15,8,0,0
111,4986.984036141709,16,18,0,0
111,4986.984036141709,17,1,0,0
111,4986.984036141709,18,9,0,0
111,4986.984036141709,19,14,0,0
111,4986.984036141709,20,19,0,0
112,4991.984036141709,1,18,0,0
112,4991.984036141709,2,3,0,0
112,4991.984036141709,3,1,0,0
112,4991.984036141709,4,1,0,0
112,4991.984036141709,5,15,0,0
112,4991.984036141709,8,1,0,0
112,4991.984036141709,9,32,0,0
112,4991.984036141709,10,8,0,0
112,4991.984036141709,12,1,0,0
112,4991.984036141709,13,18,0,0
112,4991.984036141709,14,18,0,0
112,4991.984036141709,15,8,0,0
112,4991.984036141709,16,18,0,0
112,4991.984036141709,17,1,0,0
112,4991.984036141709,18,9,0,0
112,4991.984036141709,19,14,0,0
112,4991.984036141709,20,19,0,0
113,5060.928525046088,1,18,0,0
113,5060.928525046088,2,3,0,0
113,5060.928525046088,3,1,0,0
113,5060.928525046088,4,1,0,0
113,5060.928525046088,5,15,0,0
113,5060.928525046088,8,1,0,0
113,5060.928525046088,9,32,0,0
113,5060.928525046088,10,8,0,0
113,5060.928525046088,12,1,0,0
113,5060.928525046088,13,18,0,0
113,5060.928525046088,14,18,0,0
113,5060.928525046088,15,8,0,0
113,5060.928525046088,16,18,0,0
113,5060.928525046088,17,1,0,0
113,5060.928525046088,18,9,0,0
113,5060.928525046088,19,14,0,0
113,5060.928525046088,20,19,0,0
114,5072.856728276363,1,18,0,0
114,5072.856728276363,2,3,0,0
114,5072.856728276363,3,1,0,0
114,5072.856728276363,4,1,0,0
114,5072.856728276363,5,15,0,0
114,5072.856728276363,8,1,0,0
114,5072.856728276363,9,32,0,0
114,5072.856728276363,10,8,0,0
114,5072.856728276363,12,1,0,0
114,5072.856728276363,13,18,0,0
114,5072.856728276363,14,18,0,0
114,5072.856728276363,15,8,0,0
114,5072.856728276363,16,18,0,0
114,5072.856728276363,17,1,0,0
114,5072.856728276363,18,9,0,0
114,5072.856728276363,19,14,0,0
114,5072.856728276363,20,19,0,0
115,5241.739762454409,1,18,0,0
115,5241.739762454409,2,3,0,0
115,5241.739762454409,3,1,0,0
115,5241.739762454409,4,1,0,0
115,5241.739762454409,5,15,0,0
115,5241.739762454409,8,1,0,0
115,5241.739762454409,9,32,0,0
115,5241.739762454409,10,8,0,0
115,5241.739762454409,12,1,0,0
115,5241.739762454409,13,18,0,0
115,5241.739762454409,14,18,0,0
115,5241.739762454409,15,8,0,0
115,5241.739762454409,16,18,0,0
115,5241.739762454409,17,1,0,0
115,5241.739762454409,18,9,0,0
115,5241.739762454409,19,14,0,0
115,5241.739762454409,20,19,0,0
116,5286.739762454409,1,18,0,0
116,5286.739762454409,2,3,0,0
116,5286.739762454409,3,1,0,0
116,5286.739762454409,4,1,0,0
116,5286.739762454409,5,15,0,0
116,5286.739762454409,8,1,0,0
116,5286.739762454409,9,32,0,0
116,5286.739762454409,10,8,0,0
116,5286.739762454409,12,1,0,0
116,5286.739762454409,13,18,0,0
116,5286.739762454409,14,18,0,0
116,5286.739762454409,15,8,0,0
116,5286.739762454409,16,18,0,0
116,5286.739762454409,17,1,0,0
116,5286.739762454409,18,9,0,0
116,5286.739762454409,19,14,0,0
116,5286.739762454409,20,19,0,0
117,5425.339636205088,1,18,0,0
117,5425.339636205088,2,3,0,0
117,5425.339636205088,3,1,0,0
117,5425.339636205088,4,1,0,0
117,5425.339636205088,5,15,0,0
117,5425.339636205088,8,1,0,0
117,5425.339636205088,9,32,0,0
117,5425.339636205088,10,8,0,0
117,5425.339636205088,12,1,0,0
117,5425.339636205088,13,18,0,0
117,5425.339636205088,14,18,0,0
117,5425.339636205088,15,8,0,0
117,5425.339636205088,16,18,0,0
117,5425.339636205088,17,1,0,0
117,5425.339636205088,18,9,0,0
117,5425.339636205088,19,14,0,0
117,5425.339636205088,20,19,0,0
118,5476.953643237674,1,18,0,0
118,5476.953643237674,2,3,0,0
118,5476.953643237674,3,1,0,0
118,5476.953643237674,4,1,0,0
118,5476.953643237674,5,15,0,0
118,5476.953643237674,8,1,0,0
118,5476.953643237674,9,32,0,0
118,5476.953643237674,10,8,0,0
118,5476.953643237674,12,1,0,0
118,5476.953643237674,13,18,0,0
118,5476.953643237674,14,18,0,0
118,5476.953643237674,15,8,0,0
118,5476.953643237674,16,18,0,0
118,5476.953643237674,17,1,0,0
118,5476.953643237674,18,9,0,0
118,5476.953643237674,19,14,0,0
118,5476.953643237674,20,19,0,0
119,5527.2040401498725,1,18,0,0
119,5527.2040401498725,2,3,0,0
119,5527.2040401498725,3,1,0,0
119,5527.2040401498725,4,1,0,0
119,5527.2040401498725,5,15,0,0
119,5527.2040401498725,8,1,0,0
119,5527.2040401498725,9,32,0,0
119,5527.2040401498725,10,8,0,0
119,5527.2040401498725,12,1,0,0
119,5527.2040401498725,13,18,0,0
119,5527.2040401498725,14,18,0,0
119,5527.2040401498725,15,8,0,0
119,5527.2040401498725,16,18,0,0
119,5527.2040401498725,17,1,0,0
119,5527.2040401498725,18,9,0,0
119,5527.2040401498725,19,14,0,0
119,5527.2040401498725,20,19,0,0
120,5651.190975994044,1,18,0,0
120,5651.190975994044,2,3,0,0
120,5651.190975994044,3,1,0,0
120,5651.190975994044,4,1,0,0
120,5651.190975994044,5,15,0,0
120,5651.190975994044,8,1,0,0
120,5651.190975994044,9,32,0,0
120,5651.190975994044,10,8,0,0
120,5651.190975994044,12,1,0,0
120,5651.190975994044,13,18,0,0
120,5651.190975994044,14,18,0,0
120,5651.190975994044,15,8,0,0
120,5651.190975994044,16,18,0,0
120,5651.190975994044,17,1,0,0
120,5651.190975994044,18,9,0,0
120,5651.190975994044,19,14,0,0
120,5651.190975994044,20,19,0,0
121,5696.190975994044,1,18,0,0
121,5696.190975994044,2,3,0,0
121,5696.190975994044,3,1,0,0
121,5696.190975994044,4,1,0,0
121,5696.190975994044,5,15,0,0
121,5696.190975994044,8,1,0,0
121,5696.190975994044,9,32,0,0
121,5696.190975994044,10,8,0,0
121,5696.190975994044,12,1,0,0
121,5696.190975994044,13,18,0,0
121,5696.190975994044,14,18,0,0
121,5696.190975994044,15,8,0,0
121,5696.190975994044,16,18,0,0
121,5696.190975994044,17,1,0,0
121,5696.190975994044,18,9,0,0
121,5696.190975994044,19,14,0,0
121,5696.190975994044,20,19,0,0
122,5741.190975994044,1,18,0,0
122,5741.190975994044,2,3,0,0
122,5741.190975994044,3,1,0,0
122,5741.190975994044,4,1,0,0
122,5741.190975994044,5,15,0,0
122,5741.190975994044,8,1,0,0
122,5741.190975994044,9,32,0,0
122,5741.190975994044,10,8,0,0
122,5741.190975994044,12,1,0,0
122,5741.190975994044,13,18,0,0
122,5741.190975994044,14,18,0,0
122,5741.190975994044,15,8,0,0
122,5741.190975994044,16,18,0,0
122,5741.190975994044,17,1,0,0
122,5741.190975994044,18,9,0,0
122,5741.190975994044,19,14,0,0
122,5741.190975994044,20,19,0,0
123,5747.190975994044,1,18,0,0
123,5747.190975994044,2,3,0,0
123,5747.190975994044,3,1,0,0
123,5747.190975994044,4,1,0,0
123,5747.190975994044,5,15,0,0
123,5747.190975994044,8,1,0,0
123,5747.190975994044,9,32,0,0
123,5747.190975994044,10,8,0,0
123,5747.190975994044,12,1,0,0
123,5747.190975994044,13,18,0,0
123,5747.190975994044,14,18,0,0
123,5747.190975994044,15,8,0,0
123,5747.190975994044,16,18,0,0
123,5747.190975994044,17,1,0,0
123,5747.190975994044,18,9,0,0
123,5747.190975994044,19,14,0,0
123,5747.190975994044,20,19,0,0
124,5792.190975994044,1,18,0,0
124,5792.190975994044,2,3,0,0
124,5792.190975994044,3,1,0,0
124,5792.190975994044,4,1,0,0
124,5792.190975994044,5,15,0,0
124,5792.190975994044,8,1,0,0
124,5792.190975994044,9,32,0,0
124,5792.190975994044,10,8,0,0
124,5792.190975994044,12,1,0,0
124,5792.190975994044,13,18,0,0
124,5792.190975994044,14,18,0,0
124,5792.190975994044,15,8,0,0
124,5792.190975994044,16,18,0,0
124,5792.190975994044,17,1,0,0
124,5792.190975994044,18,9,0,0
124,5792.190975994044,19,14,0,0
124,5792.190975994044,20,19,0,0
125,5835.484972101536,1,18,0,0
125,5835.484972101536,2,3,0,0
125,5835.484972101536,3,1,0,0
125,5835.484972101536,4,1,0,0
125,5835.484972101536,5,15,0,0
125,5835.484972101536,8,1,0,0
125,5835.484972101536,9,32,0,0
125,5835.484972101536,10,8,0,0
125,5835.484972101536,12,1,0,0
125,5835.484972101536,13,18,0,0
125,5835.484972101536,14,18,0,0
125,5835.484972101536,15,8,0,0
125,5835.484972101536,16,18,0,0
125,5835.484972101536,17,1,0,0
125,5835.484972101536,18,9,0,0
125,5835.484972101536,19,14,0,0
125,5835.484972101536,20,19,0,0
126,5863.841927985419,1,18,0,0
126,5863.841927985419,2,3,0,0
126,5863.841927985419,3,1,0,0
126,5863.841927985419,4,1,0,0
126,5863.841927985419,5,15,0,0
126,5863.841927985419,8,1,0,0
126,5863.841927985419,9,32,0,0
126,5863.841927985419,10,8,0,0
126,5863.841927985419,12,1,0,0
126,5863.841927985419,13,18,0,0
126,5863.841927985419,14,18,0,0
126,5863.841927985419,15,8,0,0
126,5863.841927985419,16,18,0,0
126,5863.841927985419,17,1,0,0
126,5863.841927985419,18,9,0,0
126,5863.841927985419,19,14,0,0
126,5863.841927985419,20,19,0,0
127,5883.1182386482205,1,18,0,0
127,5883.1182386482205,2,3,0,0
127,5883.1182386482205,3,1,0,0
127,5883.1182386482205,4,1,0,0
127,5883.1182386482205,5,15,0,0
127,5883.1182386482205,8,1,0,0
127,5883.1182386482205,9,32,0,0
127,5883.1182386482205,10,8,0,0
127,5883.1182386482205,12,1,0,0
127,5883.1182386482205,13,18,0,0
127,5883.1182386482205,14,18,0,0
127,5883.1182386482205,15,8,0,0
127,5883.1182386482205,16,18,0,0
127,5883.1182386482205,17,1,0,0
127,5883.1182386482205,18,9,0,0
127,5883.1182386482205,19,14,0,0
127,5883.1182386482205,20,19,0,0
128,5895.8615654135165,1,18,0,0
128,5895.8615654135165,2,3,0,0
128,5895.8615654135165,3,1,0,0
128,5895.8615654135165,4,1,0,0
128,5895.8615654135165,5,15,0,0
128,5895.8615654135165,8,1,0,0
128,5895.8615654135165,9,32,0,0
128,5895.8615654135165,10,8,0,0
128,5895.8615654135165,12,1,0,0
128,5895.8615654135165,13,18,0,0
128,5895.8615654135165,14,18,0,0
128,5895.8615654135165,15,8,0,0
128,5895.8615654135165,16,18,0,0
128,5895.8615654135165,17,1,0,0
128,5895.8615654135165,18,9,0,0
128,5895.8615654135165,19,14,0,0
128,5895.8615654135165,20,19,0,0
129,5904.398605763255,1,18,0,0
129,5904.398605763255,2,3,0,0
129,5904.398605763255,3,1,0,0
129,5904.398605763255,4,1,0,0
129,5904.398605763255,5,15,0,0
129,5904.398605763255,8,1,0,0
129,5904.398605763255,9,32,0,0
129,5904.398605763255,10,8,0,0
129,5904.398605763255,12,1,0,0
129,5904.398605763255,13,18,0,0
129,5904.398605763255,14,18,0,0
129,5904.398605763255,15,8,0,0
129,5904.398605763255,16,18,0,0
129,5904.398605763255,17,1,0,0
129,5904.398605763255,18,9,0,0
129,5904.398605763255,19,14,0,0
129,5904.398605763255,20,19,0,0
130,5909.398605763255,1,18,0,0
130,5909.398605763255,2,3,0,0
130,5909.398605763255,3,1,0,0
130,5909.398605763255,4,1,0,0
130,5909.398605763255,5,15,0,0
130,5909.398605763255,8,1,0,0
130,5909.398605763255,9,32,0,0
130,5909.398605763255,10,8,0,0
130,5909.398605763255,12,1,0,0
130,5909.398605763255,13,18,0,0
130,5909.398605763255,14,18,0,0
130,5909.398605763255,15,8,0,0
130,5909.398605763255,16,18,0,0
130,5909.398605763255,17,1,0,0
130,5909.398605763255,18,9,0,0
130,5909.398605763255,19,14,0,0
130,5909.398605763255,20,19,0,0
131,5924.715178534825,1,18,0,0
131,5924.715178534825,2,3,0,0
131,5924.715178534825,3,1,0,0
131,5924.715178534825,4,1,0,0
131,5924.715178534825,5,15,0,0
131,5924.715178534825,8,1,0,0
131,5924.715178534825,9,32,0,0
131,5924.715178534825,10,8,0,0
131,5924.715178534825,12,1,0,0
131,5924.715178534825,13,18,0,0
131,5924.715178534825,14,18,0,0
131,5924.715178534825,15,8,0,0
131,5924.715178534825,16,18,0,0
131,5924.715178534825,17,1,0,0
131,5924.715178534825,18,9,0,0
131,5924.715178534825,19,15,0,0
131,5924.715178534825,20,19,0,0
132,5934.373464920611,1,18,0,0
132,5934.373464920611,2,3,0,0
132,5934.373464920611,3,1,0,0
132,5934.373464920611,4,1,0,0
132,5934.373464920611,5,15,0,0
132,5934.373464920611,8,1,0,0
132,5934.373464920611,9,32,0,0
132,5934.373464920611,10,8,0,0
132,5934.373464920611,12,1,0,0
132,5934.373464920611,13,18,0,0
132,5934.373464920611,14,18,0,0
132,5934.373464920611,15,8,0,0
132,5934.373464920611,16,18,0,0
132,5934.373464920611,17,1,0,0
132,5934.373464920611,18,9,0,0
132,5934.373464920611,19,16,0,0
132,5934.373464920611,20,19,0,0
133,5941.702608113504,1,18,0,0
133,5941.702608113504,2,3,0,0
133,5941.702608113504,3,1,0,0
133,5941.702608113504,4,1,0,0
133,5941.702608113504,5,15,0,0
133,5941.702608113504,8,1,0,0
133,5941.702608113504,9,32,0,0
133,5941.702608113504,10,8,0,0
133,5941.702608113504,12,1,0,0
133,5941.702608113504,13,18,0,0
133,5941.702608113504,14,18,0,0
133,5941.702608113504,15,8,0,0
133,5941.702608113504,16,18,0,0
133,5941.702608113504,17,1,0,0
133,5941.702608113504,18,9,0,0
133,5941.702608113504,19,17,0,0
133,5941.702608113504,20,19,0,0
134,5947.86717970995,1,18,0,0
134,5947.86717970995,2,3,0,0
134,5947.86717970995,3,1,0,0
134,5947.86717970995,4,1,0,0
134,5947.86717970995,5,15,0,0
134,5947.86717970995,8,1,0,0
134,5947.86717970995,9,32,0,0
134,5947.86717970995,10,8,0,0
134,5947.86717970995,12,1,0,0
134,5947.86717970995,13,18,0,0
134,5947.86717970995,14,18,0,0
134,5947.86717970995,15,8,0,0
134,5947.86717970995,16,18,0,0
134,5947.86717970995,17,1,0,0
134,5947.86717970995,18,9,0,0
134,5947.86717970995,19,18,0,0
134,5947.86717970995,20,19,0,0
135,5953.449465508173,1,18,0,0
135,5953.449465508173,2,3,0,0
135,5953.449465508173,3,1,0,0
135,5953.449465508173,4,1,0,0
135,5953.449465508173,5,15,0,0
135,5953.449465508173,8,1,0,0
135,5953.449465508173,9,32,0,0
135,5953.449465508173,10,8,0,0
135,5953.449465508173,12,1,0,0
135,5953.449465508173,13,18,0,0
135,5953.449465508173,14,18,0,0
135,5953.449465508173,15,8,0,0
135,5953.449465508173,16,18,0,0
135,5953.449465508173,17,1,0,0
135,5953.449465508173,18,9,0,0
135,5953.449465508173,19,19,0,0
135,5953.449465508173,20,19,0,0
136,5958.7406084072845,1,18,0,0
136,5958.7406084072845,2,3,0,0
136,5958.7406084072845,3,1,0,0
136,5958.7406084072845,4,1,0,0
136,5958.7406084072845,5,15,0,0
136,5958.7406084072845,8,1,0,0
136,5958.7406084072845,9,32,0,0
136,5958.7406084072845,10,8,0,0
136,5958.7406084072845,12,1,0,0
136,5958.7406084072845,13,18,0,0
136,5958.7406084072845,14,18,0,0
136,5958.7406084072845,15,8,0,0
136,5958.7406084072845,16,18,0,0
136,5958.7406084072845,17,1,0,0
136,5958.7406084072845,18,9,0,0
136,5958.7406084072845,19,20,0,0
136,5958.7406084072845,20,19,0,0
137,5964.0317513063965,1,18,0,0
137,5964.0317513063965,2,3,0,0
137,5964.0317513063965,3,1,0,0
137,5964.0317513063965,4,1,0,0
137,5964.0317513063965,5,15,0,0
137,5964.0317513063965,8,1,0,0
137,5964.0317513063965,9,32,0,0
137,5964.0317513063965,10,8,0,0
137,5964.0317513063965,12,1,0,0
137,5964.0317513063965,13,18,0,0
137,5964.0317513063965,14,18,0,0
137,5964.0317513063965,15,8,0,0
137,5964.0317513063965,16,18,0,0
137,5964.0317513063965,17,1,0,0
137,5964.0317513063965,18,9,0,0
137,5964.0317513063965,19,21,0,0
137,5964.0317513063965,20,19,0,0
138,6017.0317513063965,1,18,0,0
138,6017.0317513063965,2,3,0,0
138,6017.0317513063965,3,1,0,0
138,6017.0317513063965,4,1,0,0
138,6017.0317513063965,5,15,0,0
138,6017.0317513063965,8,1,0,0
138,6017.0317513063965,9,32,0,0
138,6017.0317513063965,10,8,0,0
138,6017.0317513063965,12,1,0,0
138,6017.0317513063965,13,18,0,0
138,6017.0317513063965,14,18,0,0
138,6017.0317513063965,15,8,0,0
138,6017.0317513063965,16,18,0,0
138,6017.0317513063965,17,1,0,0
138,6017.0317513063965,18,9,0,0
138,6017.0317513063965,19,22,0,0
138,6017.0317513063965,20,19,0,0
139,6046.0317513063965,1,18,0,0
139,6046.0317513063965,2,3,0,0
139,6046.0317513063965,3,1,0,0
139,6046.0317513063965,4,1,0,0
139,6046.0317513063965,5,15,0,0
139,6046.0317513063965,8,1,0,0
139,6046.0317513063965,9,32,0,0
139,6046.0317513063965,10,8,0,0
139,6046.0317513063965,12,1,0,0
139,6046.0317513063965,13,18,0,0
139,6046.0317513063965,14,18,0,0
139,6046.0317513063965,15,8,0,0
139,6046.0317513063965,16,18,0,0
139,6046.0317513063965,17,1,0,0
139,6046.0317513063965,18,9,0,0
139,6046.0317513063965,19,23,0,0
139,6046.0317513063965,20,19,0,0
140,6063.0317513063965,1,18,0,0
140,6063.0317513063965,2,3,0,0
140,6063.0317513063965,3,1,0,0
140,6063.0317513063965,4,1,0,0
140,6063.0317513063965,5,15,0,0
140,6063.0317513063965,8,1,0,0
140,6063.0317513063965,9,32,0,0
140,6063.0317513063965,10,8,0,0
140,6063.0317513063965,12,1,0,0
140,6063.0317513063965,13,18,0,0
140,6063.0317513063965,14,18,0,0
140,6063.0317513063965,15,8,0,0
140,6063.0317513063965,16,18,0,0
140,6063.0317513063965,17,1,0,0
140,6063.0317513063965,18,9,0,0
140,6063.0317513063965,19,24,0,0
140,6063.0317513063965,20,19,0,0
141,6074.0317513063965,1,18,0,0
141,6074.0317513063965,2,3,0,0
141,6074.0317513063965,3,1,0,0
141,6074.0317513063965,4,1,0,0
141,6074.0317513063965,5,15,0,0
141,6074.0317513063965,8,1,0,0
141,6074.0317513063965,9,32,0,0
141,6074.0317513063965,10,8,0,0
141,6074.0317513063965,12,1,0,0
141,6074.0317513063965,13,18,0,0
141,6074.0317513063965,14,18,0,0
141,6074.0317513063965,15,8,0,0
141,6074.0317513063965,16,18,0,0
141,6074.0317513063965,17,1,0,0
141,6074.0317513063965,18,9,0,0
141,6074.0317513063965,19,25,0,0
141,6074.0317513063965,20,19,0,0
142,6082.0317513063965,1,18,0,0
142,6082.0317513063965,2,3,0,0
142,6082.0317513063965,3,1,0,0
142,6082.0317513063965,4,1,0,0
142,6082.0317513063965,5,15,0,0
142,6082.0317513063965,8,1,0,0
142,6082.0317513063965,9,32,0,0
142,6082.0317513063965,10,8,0,0
142,6082.0317513063965,12,1,0,0
142,6082.0317513063965,13,18,0,0
142,6082.0317513063965,14,18,0,0
142,6082.0317513063965,15,8,0,0
142,6082.0317513063965,16,18,0,0
142,6082.0317513063965,17,1,0,0
142,6082.0317513063965,18,9,0,0
142,6082.0317513063965,19,26,0,0
142,6082.0317513063965,20,19,0,0
143,6088.5317513063965,1,18,0,0
143,6088.5317513063965,2,3,0,0
143,6088.5317513063965,3,1,0,0
143,6088.5317513063965,4,1,0,0
143,6088.5317513063965,5,15,0,0
143,6088.5317513063965,8,1,0,0
143,6088.5317513063965,9,32,0,0
143,6088.5317513063965,10,8,0,0
143,6088.5317513063965,12,1,0,0
143,6088.5317513063965,13,18,0,0
143,6088.5317513063965,14,18,0,0
143,6088.5317513063965,15,8,0,0
143,6088.5317513063965,16,18,0,0
143,6088.5317513063965,17,1,0,0
143,6088.5317513063965,18,9,0,0
143,6088.5317513063965,19,27,0,0
143,6088.5317513063965,20,19,0,0
144,6094.2817513063965,1,18,0,0
144,6094.2817513063965,2,3,0,0
144,6094.2817513063965,3,1,0,0
144,6094.2817513063965,4,1,0,0
144,6094.2817513063965,5,15,0,0
144,6094.2817513063965,8,1,0,0
144,6094.2817513063965,9,32,0,0
144,6094.2817513063965,10,8,0,0
144,6094.2817513063965,12,1,0,0
144,6094.2817513063965,13,18,0,0
144,6094.2817513063965,14,18,0,0
144,6094.2817513063965,15,8,0,0
144,6094.2817513063965,16,18,0,0
144,6094.2817513063965,17,1,0,0
144,6094.2817513063965,18,9,0,0
144,6094.2817513063965,19,28,0,0
144,6094.2817513063965,20,19,0,0
145,6238.937756291415,1,18,0,0
145,6238.937756291415,2,3,0,0
145,6238.937756291415,3,1,0,0
145,6238.937756291415,4,1,0,0
145,6238.937756291415,5,15,0,0
145,6238.937756291415,8,1,0,0
145,6238.937756291415,9,32,0,0
145,6238.937756291415,10,8,0,0
145,6238.937756291415,12,1,0,0
145,6238.937756291415,13,18,0,0
145,6238.937756291415,14,18,0,0
145,6238.937756291415,15,8,0,0
145,6238.937756291415,16,18,0,0
145,6238.937756291415,17,1,0,0
145,6238.937756291415,18,9,0,0
145,6238.937756291415,19,28,0,0
145,6238.937756291415,20,19,0,0
146,6248.8659595216905,1,18,0,0
146,6248.8659595216905,2,3,0,0
146,6248.8659595216905,3,1,0,0
146,6248.8659595216905,4,1,0,0
146,6248.8659595216905,5,15,0,0
146,6248.8659595216905,8,1,0,0
146,6248.8659595216905,9,32,0,0
146,6248.8659595216905,10,8,0,0
146,6248.8659595216905,12,1,0,0
146,6248.8659595216905,13,18,0,0
146,6248.8659595216905,14,18,0,0
146,6248.8659595216905,15,8,0,0
146,6248.8659595216905,16,18,0,0
146,6248.8659595216905,17,1,0,0
146,6248.8659595216905,18,9,0,0
146,6248.8659595216905,19,28,0,0
146,6248.8659595216905,20,19,0,0
147,6260.794162751966,1,18,0,0
147,6260.794162751966,2,3,0,0
147,6260.794162751966,3,1,0,0
147,6260.794162751966,4,1,0,0
147,6260.794162751966,5,15,0,0
147,6260.794162751966,8,1,0,0
147,6260.794162751966,9,32,0,0
147,6260.794162751966,10,8,0,0
147,6260.794162751966,12,1,0,0
147,6260.794162751966,13,18,0,0
147,6260.794162751966,14,18,0,0
147,6260.794162751966,15,8,0,0
147,6260.794162751966,16,18,0,0
147,6260.794162751966,17,1,0,0
147,6260.794162751966,18,9,0,0
147,6260.794162751966,19,28,0,0
147,6260.794162751966,20,19,0,0
148,6334.77052279115,1,18,0,0
148,6334.77052279115,2,4,0,0
148,6334.77052279115,3,1,0,0
148,6334.77052279115,4,1,0,0
148,6334.77052279115,5,15,0,0
148,6334.77052279115,8,1,0,0
148,6334.77052279115,9,32,0,0
148,6334.77052279115,10,8,0,0
148,6334.77052279115,12,1,0,0
148,6334.77052279115,13,18,0,0
148,6334.77052279115,14,18,0,0
148,6334.77052279115,15,8,0,0
148,6334.77052279115,16,18,0,0
148,6334.77052279115,17,1,0,0
148,6334.77052279115,18,9,0,0
148,6334.77052279115,19,28,0,0
148,6334.77052279115,20,19,0,0
149,6373.758702810742,1,18,0,0
149,6373.758702810742,2,5,0,0
149,6373.758702810742,3,1,0,0
149,6373.758702810742,4,1,0,0
149,6373.758702810742,5,15,0,0
149,6373.758702810742,8,1,0,0
149,6373.758702810742,9,32,0,0
149,6373.758702810742,10,8,0,0
149,6373.758702810742,12,1,0,0
149,6373.758702810742,13,18,0,0
149,6373.758702810742,14,18,0,0
149,6373.758702810742,15,8,0,0
149,6373.758702810742,16,18,0,0
149,6373.758702810742,17,1,0,0
149,6373.758702810742,18,9,0,0
149,6373.758702810742,19,28,0,0
149,6373.758702810742,20,19,0,0
150,6395.752792820538,1,18,0,0
150,6395.752792820538,2,6,0,0
150,6395.752792820538,3,1,0,0
150,6395.752792820538,4,1,0,0
150,6395.752792820538,5,15,0,0
150,6395.752792820538,8,1,0,0
150,6395.752792820538,9,32,0,0
150,6395.752792820538,10,8,0,0
150,6395.752792820538,12,1,0,0
150,6395.752792820538,13,18,0,0
150,6395.752792820538,14,18,0,0
150,6395.752792820538,15,8,0,0
150,6395.752792820538,16,18,0,0
150,6395.752792820538,17,1,0,0
150,6395.752792820538,18,9,0,0
150,6395.752792820538,19,28,0,0
150,6395.752792820538,20,19,0,0
151,6407.5574914054405,1,18,0,0
151,6407.5574914054405,2,7,0,0
151,6407.5574914054405,3,1,0,0
151,6407.5574914054405,4,1,0,0
151,6407.5574914054405,5,15,0,0
151,6407.5574914054405,8,1,0,0
151,6407.5574914054405,9,32,0,0
151,6407.5574914054405,10,8,0,0
151,6407.5574914054405,12,1,0,0
151,6407.5574914054405,13,18,0,0
151,6407.5574914054405,14,18,0,0
151,6407.5574914054405,15,8,0,0
151,6407.5574914054405,16,18,0,0
151,6407.5574914054405,17,1,0,0
151,6407.5574914054405,18,9,0,0
151,6407.5574914054405,19,28,0,0
151,6407.5574914054405,20,19,0,0
152,6421.050206989085,1,18,0,0
152,6421.050206989085,2,8,0,0
152,6421.050206989085,3,1,0,0
152,6421.050206989085,4,1,0,0
152,6421.050206989085,5,15,0,0
152,6421.050206989085,8,1,0,0
152,6421.050206989085,9,32,0,0
152,6421.050206989085,10,8,0,0
152,6421.050206989085,12,1,0,0
152,6421.050206989085,13,18,0,0
152,6421.050206989085,14,18,0,0
152,6421.050206989085,15,8,0,0
152,6421.050206989085,16,18,0,0
152,6421.050206989085,17,1,0,0
152,6421.050206989085,18,9,0,0
152,6421.050206989085,19,28,0,0
152,6421.050206989085,20,19,0,0
153,6430.296564780908,1,18,0,0
153,6430.296564780908,2,9,0,0
153,6430.296564780908,3,1,0,0
153,6430.296564780908,4,1,0,0
153,6430.296564780908,5,15,0,0
153,6430.296564780908,8,1,0,0
153,6430.296564780908,9,32,0,0
153,6430.296564780908,10,8,0,0
153,6430.296564780908,12,1,0,0
153,6430.296564780908,13,18,0,0
153,6430.296564780908,14,18,0,0
153,6430.296564780908,15,8,0,0
153,6430.296564780908,16,18,0,0
153,6430.296564780908,17,1,0,0
153,6430.296564780908,18,9,0,0
153,6430.296564780908,19,28,0,0
153,6430.296564780908,20,19,0,0
154,6437.419743676819,1,18,0,0
154,6437.419743676819,2,10,0,0
154,6437.419743676819,3,1,0,0
154,6437.419743676819,4,1,0,0
154,6437.419743676819,5,15,0,0
154,6437.419743676819,8,1,0,0
154,6437.419743676819,9,32,0,0
154,6437.419743676819,10,8,0,0
154,6437.419743676819,12,1,0,0
154,6437.419743676819,13,18,0,0
154,6437.419743676819,14,18,0,0
154,6437.419743676819,15,8,0,0
154,6437.419743676819,16,18,0,0
154,6437.419743676819,17,1,0,0
154,6437.419743676819,18,9,0,0
154,6437.419743676819,19,28,0,0
154,6437.419743676819,20,19,0,0
155,6443.481333124775,1,18,0,0
155,6443.481333124775,2,11,0,0
155,6443.481333124775,3,1,0,0
155,6443.481333124775,4,1,0,0
155,6443.481333124775,5,15,0,0
155,6443.481333124775,8,1,0,0
155,6443.481333124775,9,32,0,0
155,6443.481333124775,10,8,0,0
155,6443.481333124775,12,1,0,0
155,6443.481333124775,13,18,0,0
155,6443.481333124775,14,18,0,0
155,6443.481333124775,15,8,0,0
155,6443.481333124775,16,18,0,0
155,6443.481333124775,17,1,0,0
155,6443.481333124775,18,9,0,0
155,6443.481333124775,19,28,0,0
155,6443.481333124775,20,19,0,0
156,6449.012127848753,1,18,0,0
156,6449.012127848753,2,12,0,0
156,6449.012127848753,3,1,0,0
156,6449.012127848753,4,1,0,0
156,6449.012127848753,5,15,0,0
156,6449.012127848753,8,1,0,0
156,6449.012127848753,9,32,0,0
156,6449.012127848753,10,8,0,0
156,6449.012127848753,12,1,0,0
156,6449.012127848753,13,18,0,0
156,6449.012127848753,14,18,0,0
156,6449.012127848753,15,8,0,0
156,6449.012127848753,16,18,0,0
156,6449.012127848753,17,1,0,0
156,6449.012127848753,18,9,0,0
156,6449.012127848753,19,28,0,0
156,6449.012127848753,20,19,0,0
157,6454.277525210742,1,18,0,0
157,6454.277525210742,2,13,0,0
157,6454.277525210742,3,1,0,0
157,6454.277525210742,4,1,0,0
157,6454.277525210742,5,15,0,0
157,6454.277525210742,8,1,0,0
157,6454.277525210742,9,32,0,0
157,6454.277525210742,10,8,0,0
157,6454.277525210742,12,1,0,0
157,6454.277525210742,13,18,0,0
157,6454.277525210742,14,18,0,0
157,6454.277525210742,15,8,0,0
157,6454.277525210742,16,18,0,0
157,6454.277525210742,17,1,0,0
157,6454.277525210742,18,9,0,0
157,6454.277525210742,19,28,0,0
157,6454.277525210742,20,19,0,0
158,6459.542922572731,1,18,0,0
158,6459.542922572731,2,14,0,0
158,6459.542922572731,3,1,0,0
158,6459.542922572731,4,1,0,0
158,6459.542922572731,5,15,0,0
158,6459.542922572731,8,1,0,0
158,6459.542922572731,9,32,0,0
158,6459.542922572731,10,8,0,0
158,6459.542922572731,12,1,0,0
158,6459.542922572731,13,18,0,0
158,6459.542922572731,14,18,0,0
158,6459.542922572731,15,8,0,0
158,6459.542922572731,16,18,0,0
158,6459.542922572731,17,1,0,0
158,6459.542922572731,18,9,0,0
158,6459.542922572731,19,28,0,0
158,6459.542922572731,20,19,0,0
159,6468.789280364554,1,18,0,0
159,6468.789280364554,2,14,0,0
159,6468.789280364554,3,1,0,0
159,6468.789280364554,4,1,0,0
159,6468.789280364554,5,15,0,0
159,6468.789280364554,8,1,0,0
159,6468.789280364554,9,32,0,0
159,6468.789280364554,10,8,0,0
159,6468.789280364554,12,1,0,0
159,6468.789280364554,13,18,0,0
159,6468.789280364554,14,18,0,0
159,6468.789280364554,15,8,0,0
159,6468.789280364554,16,18,0,0
159,6468.789280364554,17,1,0,0
159,6468.789280364554,18,9,0,0
159,6468.789280364554,19,28,0,0
159,6468.789280364554,20,19,0,0
160,6473.789280364554,1,18,0,0
160,6473.789280364554,2,14,0,0
160,6473.789280364554,3,1,0,0
160,6473.789280364554,4,1,0,0
160,6473.789280364554,5,15,0,0
160,6473.789280364554,8,1,0,0
160,6473.789280364554,9,32,0,0
160,6473.789280364554,10,8,0,0
160,6473.789280364554,12,1,0,0
160,6473.789280364554,13,18,0,0
160,6473.789280364554,14,18,0,0
160,6473.789280364554,15,8,0,0
160,6473.789280364554,16,18,0,0
160,6473.789280364554,17,1,0,0
160,6473.789280364554,18,9,0,0
160,6473.789280364554,19,28,0,0
160,6473.789280364554,20,19,0,0
161,6527.452851607341,1,18,0,0
161,6527.452851607341,2,14,0,0
161,6527.452851607341,3,1,0,0
161,6527.452851607341,4,1,0,0
161,6527.452851607341,5,15,0,0
161,6527.452851607341,8,1,0,0
161,6527.452851607341,9,32,0,0
161,6527.452851607341,10,8,0,0
161,6527.452851607341,12,1,0,0
161,6527.452851607341,13,18,0,0
161,6527.452851607341,14,18,0,0
161,6527.452851607341,15,8,0,0
161,6527.452851607341,16,18,0,0
161,6527.452851607341,17,1,0,0
161,6527.452851607341,18,9,0,0
161,6527.452851607341,19,28,0,0
161,6527.452851607341,20,19,0,0
162,6573.809157878473,1,18,0,0
162,6573.809157878473,2,14,0,0
162,6573.809157878473,3,1,0,0
162,6573.809157878473,4,1,0,0
162,6573.809157878473,5,15,0,0
162,6573.809157878473,8,1,0,0
162,6573.809157878473,9,32,0,0
162,6573.809157878473,10,8,0,0
162,6573.809157878473,12,1,0,0
162,6573.809157878473,13,18,0,0
162,6573.809157878473,14,18,0,0
162,6573.809157878473,15,8,0,0
162,6573.809157878473,16,18,0,0
162,6573.809157878473,17,1,0,0
162,6573.809157878473,18,9,0,0
162,6573.809157878473,19,28,0,0
162,6573.809157878473,20,19,0,0
163,6684.076182192579,1,18,0,0
163,6684.076182192579,2,14,0,0
163,6684.076182192579,3,1,0,0
163,6684.076182192579,4,1,0,0
163,6684.076182192579,5,15,0,0
163,6684.076182192579,8,1,0,0
163,6684.076182192579,9,32,0,0
163,6684.076182192579,10,8,0,0
163,6684.076182192579,12,1,0,0
163,6684.076182192579,13,18,0,0
163,6684.076182192579,14,18,0,0
163,6684.076182192579,15,8,0,0
163,6684.076182192579,16,18,0,0
163,6684.076182192579,17,1,0,0
163,6684.076182192579,18,9,0,0
163,6684.076182192579,19,28,0,0
163,6684.076182192579,20,19,0,0
164,6729.076182192579,1,18,0,0
164,6729.076182192579,2,14,0,0
164,6729.076182192579,3,1,0,0
164,6729.076182192579,4,1,0,0
164,6729.076182192579,5,15,0,0
164,6729.076182192579,8,1,0,0
164,6729.076182192579,9,32,0,0
164,6729.076182192579,10,8,0,0
164,6729.076182192579,12,1,0,0
164,6729.076182192579,13,18,0,0
164,6729.076182192579,14,18,0,0
164,6729.076182192579,15,8,0,0
164,6729.076182192579,16,18,0,0
164,6729.076182192579,17,1,0,0
164,6729.076182192579,18,9,0,0
164,6729.076182192579,19,28,0,0
164,6729.076182192579,20,19,0,0
165,6765.249355590914,1,18,0,0
165,6765.249355590914,2,14,0,0
165,6765.249355590914,3,1,0,0
165,6765.249355590914,4,1,0,0
165,6765.249355590914,5,15,0,0
165,6765.249355590914,8,1,0,0
165,6765.249355590914,9,32,0,0
165,6765.249355590914,10,8,0,0
165,6765.249355590914,12,1,0,0
165,6765.249355590914,13,18,0,0
165,6765.249355590914,14,18,0,0
165,6765.249355590914,15,8,0,0
165,6765.249355590914,16,18,0,0
165,6765.249355590914,17,1,0,0
165,6765.249355590914,18,9,0,0
165,6765.249355590914,19,28,0,0
165,6765.249355590914,20,19,0,0
166,6788.953259629915,1,18,0,0
166,6788.953259629915,2,14,0,0
166,6788.953259629915,3,1,0,0
166,6788.953259629915,4,1,0,0
166,6788.953259629915,5,15,0,0
166,6788.953259629915,8,1,0,0
166,6788.953259629915,9,32,0,0
166,6788.953259629915,10,8,0,0
166,6788.953259629915,12,1,0,0
166,6788.953259629915,13,18,0,0
166,6788.953259629915,14,18,0,0
166,6788.953259629915,15,8,0,0
166,6788.953259629915,16,18,0,0
166,6788.953259629915,17,1,0,0
166,6788.953259629915,18,9,0,0
166,6788.953259629915,19,28,0,0
166,6788.953259629915,20,19,0,0
167,6805.253452062089,1,18,0,0
167,6805.253452062089,2,14,0,0
167,6805.253452062089,3,1,0,0
167,6805.253452062089,4,1,0,0
167,6805.253452062089,5,15,0,0
167,6805.253452062089,8,1,0,0
167,6805.253452062089,9,32,0,0
167,6805.253452062089,10,8,0,0
167,6805.253452062089,12,1,0,0
167,6805.253452062089,13,18,0,0
167,6805.253452062089,14,18,0,0
167,6805.253452062089,15,8,0,0
167,6805.253452062089,16,18,0,0
167,6805.253452062089,17,1,0,0
167,6805.253452062089,18,9,0,0
167,6805.253452062089,19,28,0,0
167,6805.253452062089,20,19,0,0
168,6817.340792265469,1,18,0,0
168,6817.340792265469,2,14,0,0
168,6817.340792265469,3,1,0,0
168,6817.340792265469,4,1,0,0
168,6817.340792265469,5,15,0,0
168,6817.340792265469,8,1,0,0
168,6817.340792265469,9,32,0,0
168,6817.340792265469,10,8,0,0
168,6817.340792265469,12,1,0,0
168,6817.340792265469,13,18,0,0
168,6817.340792265469,14,18,0,0
168,6817.340792265469,15,8,0,0
168,6817.340792265469,16,18,0,0
168,6817.340792265469,17,1,0,0
168,6817.340792265469,18,9,0,0
168,6817.340792265469,19,28,0,0
168,6817.340792265469,20,19,0,0
169,6827.091802912845,1,18,0,0
169,6827.091802912845,2,14,0,0
169,6827.091802912845,3,1,0,0
169,6827.091802912845,4,1,0,0
169,6827.091802912845,5,15,0,0
169,6827.091802912845,8,1,0,0
169,6827.091802912845,9,32,0,0
169,6827.091802912845,10,8,0,0
169,6827.091802912845,12,1,0,0
169,6827.091802912845,13,18,0,0
169,6827.091802912845,14,18,0,0
169,6827.091802912845,15,8,0,0
169,6827.091802912845,16,18,0,0
169,6827.091802912845,17,1,0,0
169,6827.091802912845,18,9,0,0
169,6827.091802912845,19,28,0,0
169,6827.091802912845,20,19,0,0
170,6835.50067762912,1,18,0,0
170,6835.50067762912,2,14,0,0
170,6835.50067762912,3,1,0,0
170,6835.50067762912,4,1,0,0
170,6835.50067762912,5,15,0,0
170,6835.50067762912,8,1,0,0
170,6835.50067762912,9,32,0,0
170,6835.50067762912,10,8,0,0
170,6835.50067762912,12,1,0,0
170,6835.50067762912,13,18,0,0
170,6835.50067762912,14,18,0,0
170,6835.50067762912,15,8,0,0
170,6835.50067762912,16,18,0,0
170,6835.50067762912,17,1,0,0
170,6835.50067762912,18,9,0,0
170,6835.50067762912,19,28,0,0
170,6835.50067762912,20,19,0,0
171,6843.178054326334,1,18,0,0
171,6843.178054326334,2,14,0,0
171,6843.178054326334,3,1,0,0
171,6843.178054326334,4,1,0,0
171,6843.178054326334,5,15,0,0
171,6843.178054326334,8,1,0,0
171,6843.178054326334,9,32,0,0
171,6843.178054326334,10,8,0,0
171,6843.178054326334,12,1,0,0
171,6843.178054326334,13,18,0,0
171,6843.178054326334,14,18,0,0
171,6843.178054326334,15,8,0,0
171,6843.178054326334,16,18,0,0
171,6843.178054326334,17,1,0,0
171,6843.178054326334,18,9,0,0
171,6843.178054326334,19,28,0,0
171,6843.178054326334,20,19,0,0
