step,virtual_time_before,virtual_time_after,action_type,target_x,target_y,channel,policy_mode,reason_code,movement_distance,movement_time,switch_time,action_time
1,0.0,0.0,enter,,,,lifecycle,enter_exit,0.0,0.0,0.0,0.0
1,0.0,5.0,measure,0.0,0.0,1,certificate,q4_sparse25,0.0,0.0,0.0,5.0
1,5.0,11.0,measure,0.0,0.0,2,certificate,q4_sparse25,0.0,0.0,1.0,5.0
1,11.0,17.0,measure,0.0,0.0,3,certificate,q4_sparse25,0.0,0.0,1.0,5.0
1,17.0,23.0,measure,0.0,0.0,4,certificate,q4_sparse25,0.0,0.0,1.0,5.0
1,23.0,29.0,measure,0.0,0.0,5,certificate,q4_sparse25,0.0,0.0,1.0,5.0
1,29.0,35.0,measure,0.0,0.0,6,certificate,q4_sparse25,0.0,0.0,1.0,5.0
1,35.0,41.0,measure,0.0,0.0,7,certificate,q4_sparse25,0.0,0.0,1.0,5.0
1,41.0,47.0,measure,0.0,0.0,8,certificate,q4_sparse25,0.0,0.0,1.0,5.0
1,47.0,53.0,measure,0.0,0.0,9,certificate,q4_sparse25,0.0,0.0,1.0,5.0
1,53.0,59.0,measure,0.0,0.0,10,certificate,q4_sparse25,0.0,0.0,1.0,5.0
1,59.0,65.0,measure,0.0,0.0,11,certificate,q4_sparse25,0.0,0.0,1.0,5.0
1,65.0,71.0,measure,0.0,0.0,12,certificate,q4_sparse25,0.0,0.0,1.0,5.0
1,71.0,77.0,measure,0.0,0.0,13,certificate,q4_sparse25,0.0,0.0,1.0,5.0
1,77.0,83.0,measure,0.0,0.0,14,certificate,q4_sparse25,0.0,0.0,1.0,5.0
1,83.0,89.0,measure,0.0,0.0,15,certificate,q4_sparse25,0.0,0.0,1.0,5.0
1,89.0,95.0,measure,0.0,0.0,16,certificate,q4_sparse25,0.0,0.0,1.0,5.0
1,95.0,101.0,measure,0.0,0.0,17,certificate,q4_sparse25,0.0,0.0,1.0,5.0
1,101.0,107.0,measure,0.0,0.0,18,certificate,q4_sparse25,0.0,0.0,1.0,5.0
1,107.0,113.0,measure,0.0,0.0,19,certificate,q4_sparse25,0.0,0.0,1.0,5.0
1,113.0,119.0,measure,0.0,0.0,20,certificate,q4_sparse25,0.0,0.0,1.0,5.0
2,119.0,285.693782,measure,-222.70251330152226,-777.1908200529756,20,active_localization,nbv:opportunistic,808.468911,161.693782,0.0,5.0
2,285.693782,291.693782,measure,-222.70251330152226,-777.1908200529756,2,active_localization,nbv,0.0,0.0,1.0,5.0
2,291.693782,297.693782,measure,-222.70251330152226,-777.1908200529756,1,active_localization,nbv:opportunistic,0.0,0.0,1.0,5.0
2,297.693782,303.693782,measure,-222.70251330152226,-777.1908200529756,3,active_localization,nbv:opportunistic,0.0,0.0,1.0,5.0
2,303.693782,309.693782,measure,-222.70251330152226,-777.1908200529756,4,active_localization,nbv:opportunistic,0.0,0.0,1.0,5.0
2,309.693782,315.693782,measure,-222.70251330152226,-777.1908200529756,5,active_localization,nbv:opportunistic,0.0,0.0,1.0,5.0
2,315.693782,321.693782,measure,-222.70251330152226,-777.1908200529756,6,active_localization,nbv:opportunistic,0.0,0.0,1.0,5.0
2,321.693782,327.693782,measure,-222.70251330152226,-777.1908200529756,7,active_localization,nbv:opportunistic,0.0,0.0,1.0,5.0
2,327.693782,333.693782,measure,-222.70251330152226,-777.1908200529756,8,active_localization,nbv:opportunistic,0.0,0.0,1.0,5.0
2,333.693782,339.693782,measure,-222.70251330152226,-777.1908200529756,9,active_localization,nbv:opportunistic,0.0,0.0,1.0,5.0
2,339.693782,345.693782,measure,-222.70251330152226,-777.1908200529756,10,active_localization,nbv:opportunistic,0.0,0.0,1.0,5.0
2,345.693782,351.693782,measure,-222.70251330152226,-777.1908200529756,11,active_localization,nbv:opportunistic,0.0,0.0,1.0,5.0
2,351.693782,357.693782,measure,-222.70251330152226,-777.1908200529756,12,active_localization,nbv:opportunistic,0.0,0.0,1.0,5.0
2,357.693782,363.693782,measure,-222.70251330152226,-777.1908200529756,13,active_localization,nbv:opportunistic,0.0,0.0,1.0,5.0
2,363.693782,369.693782,measure,-222.70251330152226,-777.1908200529756,14,active_localization,nbv:opportunistic,0.0,0.0,1.0,5.0
2,369.693782,375.693782,measure,-222.70251330152226,-777.1908200529756,15,active_localization,nbv:opportunistic,0.0,0.0,1.0,5.0
2,375.693782,381.693782,measure,-222.70251330152226,-777.1908200529756,16,active_localization,nbv:opportunistic,0.0,0.0,1.0,5.0
2,381.693782,387.693782,measure,-222.70251330152226,-777.1908200529756,17,active_localization,nbv:opportunistic,0.0,0.0,1.0,5.0
2,387.693782,393.693782,measure,-222.70251330152226,-777.1908200529756,18,active_localization,nbv:opportunistic,0.0,0.0,1.0,5.0
2,393.693782,399.693782,measure,-222.70251330152226,-777.1908200529756,19,active_localization,nbv:opportunistic,0.0,0.0,1.0,5.0
3,399.693782,470.333135,clear,-526.2150729223165,-652.3179128615503,7,ready_clear,clear,328.196765,65.639353,0.0,5.0
3,470.333135,475.333135,measure,-526.2150729223165,-652.3179128615503,19,ready_clear,clear:opportunistic,0.0,0.0,0.0,5.0
3,475.333135,481.333135,measure,-526.2150729223165,-652.3179128615503,1,ready_clear,clear:opportunistic,0.0,0.0,1.0,5.0
3,481.333135,487.333135,measure,-526.2150729223165,-652.3179128615503,2,ready_clear,clear:opportunistic,0.0,0.0,1.0,5.0
3,487.333135,493.333135,measure,-526.2150729223165,-652.3179128615503,3,ready_clear,clear:opportunistic,0.0,0.0,1.0,5.0
3,493.333135,499.333135,measure,-526.2150729223165,-652.3179128615503,4,ready_clear,clear:opportunistic,0.0,0.0,1.0,5.0
3,499.333135,505.333135,measure,-526.2150729223165,-652.3179128615503,5,ready_clear,clear:opportunistic,0.0,0.0,1.0,5.0
3,505.333135,511.333135,measure,-526.2150729223165,-652.3179128615503,6,ready_clear,clear:opportunistic,0.0,0.0,1.0,5.0
3,511.333135,517.333135,measure,-526.2150729223165,-652.3179128615503,8,ready_clear,clear:opportunistic,0.0,0.0,1.0,5.0
3,517.333135,523.333135,measure,-526.2150729223165,-652.3179128615503,9,ready_clear,clear:opportunistic,0.0,0.0,1.0,5.0
3,523.333135,529.333135,measure,-526.2150729223165,-652.3179128615503,10,ready_clear,clear:opportunistic,0.0,0.0,1.0,5.0
3,529.333135,535.333135,measure,-526.2150729223165,-652.3179128615503,11,ready_clear,clear:opportunistic,0.0,0.0,1.0,5.0
3,535.333135,541.333135,measure,-526.2150729223165,-652.3179128615503,12,ready_clear,clear:opportunistic,0.0,0.0,1.0,5.0
3,541.333135,547.333135,measure,-526.2150729223165,-652.3179128615503,13,ready_clear,clear:opportunistic,0.0,0.0,1.0,5.0
3,547.333135,553.333135,measure,-526.2150729223165,-652.3179128615503,14,ready_clear,clear:opportunistic,0.0,0.0,1.0,5.0
3,553.333135,559.333135,measure,-526.2150729223165,-652.3179128615503,15,ready_clear,clear:opportunistic,0.0,0.0,1.0,5.0
3,559.333135,565.333135,measure,-526.2150729223165,-652.3179128615503,16,ready_clear,clear:opportunistic,0.0,0.0,1.0,5.0
3,565.333135,571.333135,measure,-526.2150729223165,-652.3179128615503,17,ready_clear,clear:opportunistic,0.0,0.0,1.0,5.0
3,571.333135,577.333135,measure,-526.2150729223165,-652.3179128615503,18,ready_clear,clear:opportunistic,0.0,0.0,1.0,5.0
3,577.333135,583.333135,measure,-526.2150729223165,-652.3179128615503,20,ready_clear,clear:opportunistic,0.0,0.0,1.0,5.0
4,583.333135,594.782873,measure,-496.39062299697196,-640.0508814820917,20,active_localization,nbv:opportunistic,32.248688,6.449738,0.0,5.0
4,594.782873,600.782873,measure,-496.39062299697196,-640.0508814820917,4,active_localization,nbv,0.0,0.0,1.0,5.0
4,600.782873,606.782873,measure,-496.39062299697196,-640.0508814820917,1,active_localization,nbv:opportunistic,0.0,0.0,1.0,5.0
4,606.782873,612.782873,measure,-496.39062299697196,-640.0508814820917,2,active_localization,nbv:opportunistic,0.0,0.0,1.0,5.0
4,612.782873,618.782873,measure,-496.39062299697196,-640.0508814820917,3,active_localization,nbv:opportunistic,0.0,0.0,1.0,5.0
4,618.782873,624.782873,measure,-496.39062299697196,-640.0508814820917,5,active_localization,nbv:opportunistic,0.0,0.0,1.0,5.0
4,624.782873,630.782873,measure,-496.39062299697196,-640.0508814820917,6,active_localization,nbv:opportunistic,0.0,0.0,1.0,5.0
4,630.782873,636.782873,measure,-496.39062299697196,-640.0508814820917,8,active_localization,nbv:opportunistic,0.0,0.0,1.0,5.0
4,636.782873,642.782873,measure,-496.39062299697196,-640.0508814820917,9,active_localization,nbv:opportunistic,0.0,0.0,1.0,5.0
4,642.782873,648.782873,measure,-496.39062299697196,-640.0508814820917,10,active_localization,nbv:opportunistic,0.0,0.0,1.0,5.0
4,648.782873,654.782873,measure,-496.39062299697196,-640.0508814820917,11,active_localization,nbv:opportunistic,0.0,0.0,1.0,5.0
4,654.782873,660.782873,measure,-496.39062299697196,-640.0508814820917,12,active_localization,nbv:opportunistic,0.0,0.0,1.0,5.0
4,660.782873,666.782873,measure,-496.39062299697196,-640.0508814820917,13,active_localization,nbv:opportunistic,0.0,0.0,1.0,5.0
4,666.782873,672.782873,measure,-496.39062299697196,-640.0508814820917,14,active_localization,nbv:opportunistic,0.0,0.0,1.0,5.0
4,672.782873,678.782873,measure,-496.39062299697196,-640.0508814820917,15,active_localization,nbv:opportunistic,0.0,0.0,1.0,5.0
4,678.782873,684.782873,measure,-496.39062299697196,-640.0508814820917,16,active_localization,nbv:opportunistic,0.0,0.0,1.0,5.0
4,684.782873,690.782873,measure,-496.39062299697196,-640.0508814820917,17,active_localization,nbv:opportunistic,0.0,0.0,1.0,5.0
4,690.782873,696.782873,measure,-496.39062299697196,-640.0508814820917,18,active_localization,nbv:opportunistic,0.0,0.0,1.0,5.0
4,696.782873,702.782873,measure,-496.39062299697196,-640.0508814820917,19,active_localization,nbv:opportunistic,0.0,0.0,1.0,5.0
5,702.782873,722.316453,measure,-436.48741616539576,-681.1875978498865,19,active_localization,nbv:opportunistic,72.6679,14.53358,0.0,5.0
5,722.316453,728.316453,measure,-436.48741616539576,-681.1875978498865,12,active_localization,nbv,0.0,0.0,1.0,5.0
5,728.316453,734.316453,measure,-436.48741616539576,-681.1875978498865,1,active_localization,nbv:opportunistic,0.0,0.0,1.0,5.0
5,734.316453,740.316453,measure,-436.48741616539576,-681.1875978498865,2,active_localization,nbv:opportunistic,0.0,0.0,1.0,5.0
5,740.316453,746.316453,measure,-436.48741616539576,-681.1875978498865,3,active_localization,nbv:opportunistic,0.0,0.0,1.0,5.0
5,746.316453,752.316453,measure,-436.48741616539576,-681.1875978498865,4,active_localization,nbv:opportunistic,0.0,0.0,1.0,5.0
5,752.316453,758.316453,measure,-436.48741616539576,-681.1875978498865,5,active_localization,nbv:opportunistic,0.0,0.0,1.0,5.0
5,758.316453,764.316453,measure,-436.48741616539576,-681.1875978498865,6,active_localization,nbv:opportunistic,0.0,0.0,1.0,5.0
5,764.316453,770.316453,measure,-436.48741616539576,-681.1875978498865,8,active_localization,nbv:opportunistic,0.0,0.0,1.0,5.0
5,770.316453,776.316453,measure,-436.48741616539576,-681.1875978498865,9,active_localization,nbv:opportunistic,0.0,0.0,1.0,5.0
5,776.316453,782.316453,measure,-436.48741616539576,-681.1875978498865,10,active_localization,nbv:opportunistic,0.0,0.0,1.0,5.0
5,782.316453,788.316453,measure,-436.48741616539576,-681.1875978498865,11,active_localization,nbv:opportunistic,0.0,0.0,1.0,5.0
5,788.316453,794.316453,measure,-436.48741616539576,-681.1875978498865,13,active_localization,nbv:opportunistic,0.0,0.0,1.0,5.0
5,794.316453,800.316453,measure,-436.48741616539576,-681.1875978498865,14,active_localization,nbv:opportunistic,0.0,0.0,1.0,5.0
5,800.316453,806.316453,measure,-436.48741616539576,-681.1875978498865,15,active_localization,nbv:opportunistic,0.0,0.0,1.0,5.0
5,806.316453,812.316453,measure,-436.48741616539576,-681.1875978498865,16,active_localization,nbv:opportunistic,0.0,0.0,1.0,5.0
5,812.316453,818.316453,measure,-436.48741616539576,-681.1875978498865,17,active_localization,nbv:opportunistic,0.0,0.0,1.0,5.0
5,818.316453,824.316453,measure,-436.48741616539576,-681.1875978498865,18,active_localization,nbv:opportunistic,0.0,0.0,1.0,5.0
5,824.316453,830.316453,measure,-436.48741616539576,-681.1875978498865,20,active_localization,nbv:opportunistic,0.0,0.0,1.0,5.0
6,830.316453,951.631531,measure,-781.4724663787346,-212.98331503078157,20,active_localization,nbv:opportunistic,581.575391,116.315078,0.0,5.0
6,951.631531,957.631531,measure,-781.4724663787346,-212.98331503078157,8,active_localization,nbv,0.0,0.0,1.0,5.0
6,957.631531,963.631531,measure,-781.4724663787346,-212.98331503078157,1,active_localization,nbv:opportunistic,0.0,0.0,1.0,5.0
6,963.631531,969.631531,measure,-781.4724663787346,-212.98331503078157,2,active_localization,nbv:opportunistic,0.0,0.0,1.0,5.0
6,969.631531,975.631531,measure,-781.4724663787346,-212.98331503078157,3,active_localization,nbv:opportunistic,0.0,0.0,1.0,5.0
6,975.631531,981.631531,measure,-781.4724663787346,-212.98331503078157,4,active_localization,nbv:opportunistic,0.0,0.0,1.0,5.0
6,981.631531,987.631531,measure,-781.4724663787346,-212.98331503078157,5,active_localization,nbv:opportunistic,0.0,0.0,1.0,5.0
6,987.631531,993.631531,measure,-781.4724663787346,-212.98331503078157,6,active_localization,nbv:opportunistic,0.0,0.0,1.0,5.0
6,993.631531,999.631531,measure,-781.4724663787346,-212.98331503078157,9,active_localization,nbv:opportunistic,0.0,0.0,1.0,5.0
6,999.631531,1005.631531,measure,-781.4724663787346,-212.98331503078157,10,active_localization,nbv:opportunistic,0.0,0.0,1.0,5.0
6,1005.631531,1011.631531,measure,-781.4724663787346,-212.98331503078157,11,active_localization,nbv:opportunistic,0.0,0.0,1.0,5.0
6,1011.631531,1017.631531,measure,-781.4724663787346,-212.98331503078157,12,active_localization,nbv:opportunistic,0.0,0.0,1.0,5.0
6,1017.631531,1023.631531,measure,-781.4724663787346,-212.98331503078157,13,active_localization,nbv:opportunistic,0.0,0.0,1.0,5.0
6,1023.631531,1029.631531,measure,-781.4724663787346,-212.98331503078157,14,active_localization,nbv:opportunistic,0.0,0.0,1.0,5.0
6,1029.631531,1035.631531,measure,-781.4724663787346,-212.98331503078157,15,active_localization,nbv:opportunistic,0.0,0.0,1.0,5.0
6,1035.631531,1041.631531,measure,-781.4724663787346,-212.98331503078157,16,active_localization,nbv:opportunistic,0.0,0.0,1.0,5.0
6,1041.631531,1047.631531,measure,-781.4724663787346,-212.98331503078157,17,active_localization,nbv:opportunistic,0.0,0.0,1.0,5.0
6,1047.631531,1053.631531,measure,-781.4724663787346,-212.98331503078157,18,active_localization,nbv:opportunistic,0.0,0.0,1.0,5.0
6,1053.631531,1059.631531,measure,-781.4724663787346,-212.98331503078157,19,active_localization,nbv:opportunistic,0.0,0.0,1.0,5.0
7,1059.631531,1128.743339,clear,-937.3371231619167,-493.0981282602195,6,ready_clear,clear,320.559043,64.111809,0.0,5.0
7,1128.743339,1133.743339,measure,-937.3371231619167,-493.0981282602195,19,ready_clear,clear:opportunistic,0.0,0.0,0.0,5.0
7,1133.743339,1139.743339,measure,-937.3371231619167,-493.0981282602195,1,ready_clear,clear:opportunistic,0.0,0.0,1.0,5.0
7,1139.743339,1145.743339,measure,-937.3371231619167,-493.0981282602195,2,ready_clear,clear:opportunistic,0.0,0.0,1.0,5.0
7,1145.743339,1151.743339,measure,-937.3371231619167,-493.0981282602195,3,ready_clear,clear:opportunistic,0.0,0.0,1.0,5.0
7,1151.743339,1157.743339,measure,-937.3371231619167,-493.0981282602195,4,ready_clear,clear:opportunistic,0.0,0.0,1.0,5.0
7,1157.743339,1163.743339,measure,-937.3371231619167,-493.0981282602195,5,ready_clear,clear:opportunistic,0.0,0.0,1.0,5.0
7,1163.743339,1169.743339,measure,-937.3371231619167,-493.0981282602195,8,ready_clear,clear:opportunistic,0.0,0.0,1.0,5.0
7,1169.743339,1175.743339,measure,-937.3371231619167,-493.0981282602195,9,ready_clear,clear:opportunistic,0.0,0.0,1.0,5.0
7,1175.743339,1181.743339,measure,-937.3371231619167,-493.0981282602195,10,ready_clear,clear:opportunistic,0.0,0.0,1.0,5.0
7,1181.743339,1187.743339,measure,-937.3371231619167,-493.0981282602195,11,ready_clear,clear:opportunistic,0.0,0.0,1.0,5.0
7,1187.743339,1193.743339,measure,-937.3371231619167,-493.0981282602195,12,ready_clear,clear:opportunistic,0.0,0.0,1.0,5.0
7,1193.743339,1199.743339,measure,-937.3371231619167,-493.0981282602195,13,ready_clear,clear:opportunistic,0.0,0.0,1.0,5.0
7,1199.743339,1205.743339,measure,-937.3371231619167,-493.0981282602195,14,ready_clear,clear:opportunistic,0.0,0.0,1.0,5.0
7,1205.743339,1211.743339,measure,-937.3371231619167,-493.0981282602195,15,ready_clear,clear:opportunistic,0.0,0.0,1.0,5.0
7,1211.743339,1217.743339,measure,-937.3371231619167,-493.0981282602195,16,ready_clear,clear:opportunistic,0.0,0.0,1.0,5.0
7,1217.743339,1223.743339,measure,-937.3371231619167,-493.0981282602195,17,ready_clear,clear:opportunistic,0.0,0.0,1.0,5.0
7,1223.743339,1229.743339,measure,-937.3371231619167,-493.0981282602195,18,ready_clear,clear:opportunistic,0.0,0.0,1.0,5.0
7,1229.743339,1235.743339,measure,-937.3371231619167,-493.0981282602195,20,ready_clear,clear:opportunistic,0.0,0.0,1.0,5.0
8,1235.743339,1248.310707,clear,-922.3709327948907,-527.8492334959532,4,ready_clear,clear,37.836836,7.567367,0.0,5.0
8,1248.310707,1253.310707,measure,-922.3709327948907,-527.8492334959532,20,ready_clear,clear:opportunistic,0.0,0.0,0.0,5.0
8,1253.310707,1259.310707,measure,-922.3709327948907,-527.8492334959532,1,ready_clear,clear:opportunistic,0.0,0.0,1.0,5.0
8,1259.310707,1265.310707,measure,-922.3709327948907,-527.8492334959532,2,ready_clear,clear:opportunistic,0.0,0.0,1.0,5.0
8,1265.310707,1271.310707,measure,-922.3709327948907,-527.8492334959532,3,ready_clear,clear:opportunistic,0.0,0.0,1.0,5.0
8,1271.310707,1277.310707,measure,-922.3709327948907,-527.8492334959532,5,ready_clear,clear:opportunistic,0.0,0.0,1.0,5.0
8,1277.310707,1283.310707,measure,-922.3709327948907,-527.8492334959532,8,ready_clear,clear:opportunistic,0.0,0.0,1.0,5.0
8,1283.310707,1289.310707,measure,-922.3709327948907,-527.8492334959532,9,ready_clear,clear:opportunistic,0.0,0.0,1.0,5.0
8,1289.310707,1295.310707,measure,-922.3709327948907,-527.8492334959532,10,ready_clear,clear:opportunistic,0.0,0.0,1.0,5.0
8,1295.310707,1301.310707,measure,-922.3709327948907,-527.8492334959532,11,ready_clear,clear:opportunistic,0.0,0.0,1.0,5.0
8,1301.310707,1307.310707,measure,-922.3709327948907,-527.8492334959532,12,ready_clear,clear:opportunistic,0.0,0.0,1.0,5.0
8,1307.310707,1313.310707,measure,-922.3709327948907,-527.8492334959532,13,ready_clear,clear:opportunistic,0.0,0.0,1.0,5.0
8,1313.310707,1319.310707,measure,-922.3709327948907,-527.8492334959532,14,ready_clear,clear:opportunistic,0.0,0.0,1.0,5.0
8,1319.310707,1325.310707,measure,-922.3709327948907,-527.8492334959532,15,ready_clear,clear:opportunistic,0.0,0.0,1.0,5.0
8,1325.310707,1331.310707,measure,-922.3709327948907,-527.8492334959532,16,ready_clear,clear:opportunistic,0.0,0.0,1.0,5.0
8,1331.310707,1337.310707,measure,-922.3709327948907,-527.8492334959532,17,ready_clear,clear:opportunistic,0.0,0.0,1.0,5.0
8,1337.310707,1343.310707,measure,-922.3709327948907,-527.8492334959532,18,ready_clear,clear:opportunistic,0.0,0.0,1.0,5.0
8,1343.310707,1349.310707,measure,-922.3709327948907,-527.8492334959532,19,ready_clear,clear:opportunistic,0.0,0.0,1.0,5.0
9,1349.310707,1368.264001,clear,-893.5968975660137,-464.292839060906,14,ready_clear,clear,69.76647,13.953294,0.0,5.0
9,1368.264001,1373.264001,measure,-893.5968975660137,-464.292839060906,19,ready_clear,clear:opportunistic,0.0,0.0,0.0,5.0
9,1373.264001,1379.264001,measure,-893.5968975660137,-464.292839060906,1,ready_clear,clear:opportunistic,0.0,0.0,1.0,5.0
9,1379.264001,1385.264001,measure,-893.5968975660137,-464.292839060906,2,ready_clear,clear:opportunistic,0.0,0.0,1.0,5.0
9,1385.264001,1391.264001,measure,-893.5968975660137,-464.292839060906,3,ready_clear,clear:opportunistic,0.0,0.0,1.0,5.0
9,1391.264001,1397.264001,measure,-893.5968975660137,-464.292839060906,5,ready_clear,clear:opportunistic,0.0,0.0,1.0,5.0
9,1397.264001,1403.264001,measure,-893.5968975660137,-464.292839060906,8,ready_clear,clear:opportunistic,0.0,0.0,1.0,5.0
9,1403.264001,1409.264001,measure,-893.5968975660137,-464.292839060906,9,ready_clear,clear:opportunistic,0.0,0.0,1.0,5.0
9,1409.264001,1415.264001,measure,-893.5968975660137,-464.292839060906,10,ready_clear,clear:opportunistic,0.0,0.0,1.0,5.0
9,1415.264001,1421.264001,measure,-893.5968975660137,-464.292839060906,11,ready_clear,clear:opportunistic,0.0,0.0,1.0,5.0
9,1421.264001,1427.264001,measure,-893.5968975660137,-464.292839060906,12,ready_clear,clear:opportunistic,0.0,0.0,1.0,5.0
9,1427.264001,1433.264001,measure,-893.5968975660137,-464.292839060906,13,ready_clear,clear:opportunistic,0.0,0.0,1.0,5.0
9,1433.264001,1439.264001,measure,-893.5968975660137,-464.292839060906,15,ready_clear,clear:opportunistic,0.0,0.0,1.0,5.0
9,1439.264001,1445.264001,measure,-893.5968975660137,-464.292839060906,16,ready_clear,clear:opportunistic,0.0,0.0,1.0,5.0
9,1445.264001,1451.264001,measure,-893.5968975660137,-464.292839060906,17,ready_clear,clear:opportunistic,0.0,0.0,1.0,5.0
9,1451.264001,1457.264001,measure,-893.5968975660137,-464.292839060906,18,ready_clear,clear:opportunistic,0.0,0.0,1.0,5.0
9,1457.264001,1463.264001,measure,-893.5968975660137,-464.292839060906,20,ready_clear,clear:opportunistic,0.0,0.0,1.0,5.0
10,1463.264001,1497.087398,clear,-776.4020772726199,-548.1682248900449,12,ready_clear,clear,144.116988,28.823398,0.0,5.0
10,1497.087398,1502.087398,measure,-776.4020772726199,-548.1682248900449,20,ready_clear,clear:opportunistic,0.0,0.0,0.0,5.0
10,1502.087398,1508.087398,measure,-776.4020772726199,-548.1682248900449,1,ready_clear,clear:opportunistic,0.0,0.0,1.0,5.0
10,1508.087398,1514.087398,measure,-776.4020772726199,-548.1682248900449,2,ready_clear,clear:opportunistic,0.0,0.0,1.0,5.0
10,1514.087398,1520.087398,measure,-776.4020772726199,-548.1682248900449,3,ready_clear,clear:opportunistic,0.0,0.0,1.0,5.0
10,1520.087398,1526.087398,measure,-776.4020772726199,-548.1682248900449,5,ready_clear,clear:opportunistic,0.0,0.0,1.0,5.0
10,1526.087398,1532.087398,measure,-776.4020772726199,-548.1682248900449,8,ready_clear,clear:opportunistic,0.0,0.0,1.0,5.0
10,1532.087398,1538.087398,measure,-776.4020772726199,-548.1682248900449,9,ready_clear,clear:opportunistic,0.0,0.0,1.0,5.0
10,1538.087398,1544.087398,measure,-776.4020772726199,-548.1682248900449,10,ready_clear,clear:opportunistic,0.0,0.0,1.0,5.0
10,1544.087398,1550.087398,measure,-776.4020772726199,-548.1682248900449,11,ready_clear,clear:opportunistic,0.0,0.0,1.0,5.0
10,1550.087398,1556.087398,measure,-776.4020772726199,-548.1682248900449,13,ready_clear,clear:opportunistic,0.0,0.0,1.0,5.0
10,1556.087398,1562.087398,measure,-776.4020772726199,-548.1682248900449,15,ready_clear,clear:opportunistic,0.0,0.0,1.0,5.0
10,1562.087398,1568.087398,measure,-776.4020772726199,-548.1682248900449,16,ready_clear,clear:opportunistic,0.0,0.0,1.0,5.0
10,1568.087398,1574.087398,measure,-776.4020772726199,-548.1682248900449,17,ready_clear,clear:opportunistic,0.0,0.0,1.0,5.0
10,1574.087398,1580.087398,measure,-776.4020772726199,-548.1682248900449,18,ready_clear,clear:opportunistic,0.0,0.0,1.0,5.0
10,1580.087398,1586.087398,measure,-776.4020772726199,-548.1682248900449,19,ready_clear,clear:opportunistic,0.0,0.0,1.0,5.0
11,1586.087398,1622.191212,clear,-868.2306145001272,-673.6819683680179,8,ready_clear,clear,155.519067,31.103813,0.0,5.0
11,1622.191212,1627.191212,measure,-868.2306145001272,-673.6819683680179,19,ready_clear,clear:opportunistic,0.0,0.0,0.0,5.0
11,1627.191212,1633.191212,measure,-868.2306145001272,-673.6819683680179,1,ready_clear,clear:opportunistic,0.0,0.0,1.0,5.0
11,1633.191212,1639.191212,measure,-868.2306145001272,-673.6819683680179,2,ready_clear,clear:opportunistic,0.0,0.0,1.0,5.0
11,1639.191212,1645.191212,measure,-868.2306145001272,-673.6819683680179,3,ready_clear,clear:opportunistic,0.0,0.0,1.0,5.0
11,1645.191212,1651.191212,measure,-868.2306145001272,-673.6819683680179,5,ready_clear,clear:opportunistic,0.0,0.0,1.0,5.0
11,1651.191212,1657.191212,measure,-868.2306145001272,-673.6819683680179,9,ready_clear,clear:opportunistic,0.0,0.0,1.0,5.0
11,1657.191212,1663.191212,measure,-868.2306145001272,-673.6819683680179,10,ready_clear,clear:opportunistic,0.0,0.0,1.0,5.0
11,1663.191212,1669.191212,measure,-868.2306145001272,-673.6819683680179,11,ready_clear,clear:opportunistic,0.0,0.0,1.0,5.0
11,1669.191212,1675.191212,measure,-868.2306145001272,-673.6819683680179,13,ready_clear,clear:opportunistic,0.0,0.0,1.0,5.0
11,1675.191212,1681.191212,measure,-868.2306145001272,-673.6819683680179,15,ready_clear,clear:opportunistic,0.0,0.0,1.0,5.0
11,1681.191212,1687.191212,measure,-868.2306145001272,-673.6819683680179,16,ready_clear,clear:opportunistic,0.0,0.0,1.0,5.0
11,1687.191212,1693.191212,measure,-868.2306145001272,-673.6819683680179,17,ready_clear,clear:opportunistic,0.0,0.0,1.0,5.0
11,1693.191212,1699.191212,measure,-868.2306145001272,-673.6819683680179,18,ready_clear,clear:opportunistic,0.0,0.0,1.0,5.0
11,1699.191212,1705.191212,measure,-868.2306145001272,-673.6819683680179,20,ready_clear,clear:opportunistic,0.0,0.0,1.0,5.0
12,1705.191212,1717.616795,clear,-896.323558667828,-697.9568279465765,15,ready_clear,clear,37.127918,7.425584,0.0,5.0
12,1717.616795,1722.616795,measure,-896.323558667828,-697.9568279465765,20,ready_clear,clear:opportunistic,0.0,0.0,0.0,5.0
12,1722.616795,1728.616795,measure,-896.323558667828,-697.9568279465765,1,ready_clear,clear:opportunistic,0.0,0.0,1.0,5.0
12,1728.616795,1734.616795,measure,-896.323558667828,-697.9568279465765,2,ready_clear,clear:opportunistic,0.0,0.0,1.0,5.0
12,1734.616795,1740.616795,measure,-896.323558667828,-697.9568279465765,3,ready_clear,clear:opportunistic,0.0,0.0,1.0,5.0
12,1740.616795,1746.616795,measure,-896.323558667828,-697.9568279465765,5,ready_clear,clear:opportunistic,0.0,0.0,1.0,5.0
12,1746.616795,1752.616795,measure,-896.323558667828,-697.9568279465765,9,ready_clear,clear:opportunistic,0.0,0.0,1.0,5.0
12,1752.616795,1758.616795,measure,-896.323558667828,-697.9568279465765,10,ready_clear,clear:opportunistic,0.0,0.0,1.0,5.0
12,1758.616795,1764.616795,measure,-896.323558667828,-697.9568279465765,11,ready_clear,clear:opportunistic,0.0,0.0,1.0,5.0
12,1764.616795,1770.616795,measure,-896.323558667828,-697.9568279465765,13,ready_clear,clear:opportunistic,0.0,0.0,1.0,5.0
12,1770.616795,1776.616795,measure,-896.323558667828,-697.9568279465765,16,ready_clear,clear:opportunistic,0.0,0.0,1.0,5.0
12,1776.616795,1782.616795,measure,-896.323558667828,-697.9568279465765,17,ready_clear,clear:opportunistic,0.0,0.0,1.0,5.0
12,1782.616795,1788.616795,measure,-896.323558667828,-697.9568279465765,18,ready_clear,clear:opportunistic,0.0,0.0,1.0,5.0
12,1788.616795,1794.616795,measure,-896.323558667828,-697.9568279465765,19,ready_clear,clear:opportunistic,0.0,0.0,1.0,5.0
13,1794.616795,1854.10262,clear,-665.5050193038854,-842.6649135761971,2,ready_clear,clear,272.429125,54.485825,0.0,5.0
13,1854.10262,1859.10262,measure,-665.5050193038854,-842.6649135761971,19,ready_clear,clear:opportunistic,0.0,0.0,0.0,5.0
13,1859.10262,1865.10262,measure,-665.5050193038854,-842.6649135761971,1,ready_clear,clear:opportunistic,0.0,0.0,1.0,5.0
13,1865.10262,1871.10262,measure,-665.5050193038854,-842.6649135761971,3,ready_clear,clear:opportunistic,0.0,0.0,1.0,5.0
13,1871.10262,1877.10262,measure,-665.5050193038854,-842.6649135761971,5,ready_clear,clear:opportunistic,0.0,0.0,1.0,5.0
13,1877.10262,1883.10262,measure,-665.5050193038854,-842.6649135761971,9,ready_clear,clear:opportunistic,0.0,0.0,1.0,5.0
13,1883.10262,1889.10262,measure,-665.5050193038854,-842.6649135761971,10,ready_clear,clear:opportunistic,0.0,0.0,1.0,5.0
13,1889.10262,1895.10262,measure,-665.5050193038854,-842.6649135761971,11,ready_clear,clear:opportunistic,0.0,0.0,1.0,5.0
13,1895.10262,1901.10262,measure,-665.5050193038854,-842.6649135761971,13,ready_clear,clear:opportunistic,0.0,0.0,1.0,5.0
13,1901.10262,1907.10262,measure,-665.5050193038854,-842.6649135761971,16,ready_clear,clear:opportunistic,0.0,0.0,1.0,5.0
13,1907.10262,1913.10262,measure,-665.5050193038854,-842.6649135761971,17,ready_clear,clear:opportunistic,0.0,0.0,1.0,5.0
13,1913.10262,1919.10262,measure,-665.5050193038854,-842.6649135761971,18,ready_clear,clear:opportunistic,0.0,0.0,1.0,5.0
13,1919.10262,1925.10262,measure,-665.5050193038854,-842.6649135761971,20,ready_clear,clear:opportunistic,0.0,0.0,1.0,5.0
14,1925.10262,1982.602138,clear,-859.6061438459524,-1019.3842880294998,10,ready_clear,clear,262.497588,52.499518,0.0,5.0
14,1982.602138,1987.602138,measure,-859.6061438459524,-1019.3842880294998,20,ready_clear,clear:opportunistic,0.0,0.0,0.0,5.0
14,1987.602138,1993.602138,measure,-859.6061438459524,-1019.3842880294998,1,ready_clear,clear:opportunistic,0.0,0.0,1.0,5.0
14,1993.602138,1999.602138,measure,-859.6061438459524,-1019.3842880294998,3,ready_clear,clear:opportunistic,0.0,0.0,1.0,5.0
14,1999.602138,2005.602138,measure,-859.6061438459524,-1019.3842880294998,5,ready_clear,clear:opportunistic,0.0,0.0,1.0,5.0
14,2005.602138,2011.602138,measure,-859.6061438459524,-1019.3842880294998,9,ready_clear,clear:opportunistic,0.0,0.0,1.0,5.0
14,2011.602138,2017.602138,measure,-859.6061438459524,-1019.3842880294998,11,ready_clear,clear:opportunistic,0.0,0.0,1.0,5.0
14,2017.602138,2023.602138,measure,-859.6061438459524,-1019.3842880294998,13,ready_clear,clear:opportunistic,0.0,0.0,1.0,5.0
14,2023.602138,2029.602138,measure,-859.6061438459524,-1019.3842880294998,16,ready_clear,clear:opportunistic,0.0,0.0,1.0,5.0
14,2029.602138,2035.602138,measure,-859.6061438459524,-1019.3842880294998,17,ready_clear,clear:opportunistic,0.0,0.0,1.0,5.0
14,2035.602138,2041.602138,measure,-859.6061438459524,-1019.3842880294998,18,ready_clear,clear:opportunistic,0.0,0.0,1.0,5.0
14,2041.602138,2047.602138,measure,-859.6061438459524,-1019.3842880294998,19,ready_clear,clear:opportunistic,0.0,0.0,1.0,5.0
15,2047.602138,2131.630737,measure,-671.7514421272203,-671.7514421272201,19,certificate,q4_sparse25,395.142992,79.028598,0.0,5.0
15,2131.630737,2137.630737,measure,-671.7514421272203,-671.7514421272201,1,certificate,q4_sparse25,0.0,0.0,1.0,5.0
15,2137.630737,2143.630737,measure,-671.7514421272203,-671.7514421272201,3,certificate,q4_sparse25,0.0,0.0,1.0,5.0
15,2143.630737,2149.630737,measure,-671.7514421272203,-671.7514421272201,5,certificate,q4_sparse25,0.0,0.0,1.0,5.0
15,2149.630737,2155.630737,measure,-671.7514421272203,-671.7514421272201,9,certificate,q4_sparse25,0.0,0.0,1.0,5.0
15,2155.630737,2161.630737,measure,-671.7514421272203,-671.7514421272201,11,certificate,q4_sparse25,0.0,0.0,1.0,5.0
15,2161.630737,2167.630737,measure,-671.7514421272203,-671.7514421272201,13,certificate,q4_sparse25,0.0,0.0,1.0,5.0
15,2167.630737,2173.630737,measure,-671.7514421272203,-671.7514421272201,16,certificate,q4_sparse25,0.0,0.0,1.0,5.0
15,2173.630737,2179.630737,measure,-671.7514421272203,-671.7514421272201,17,certificate,q4_sparse25,0.0,0.0,1.0,5.0
15,2179.630737,2185.630737,measure,-671.7514421272203,-671.7514421272201,18,certificate,q4_sparse25,0.0,0.0,1.0,5.0
15,2185.630737,2191.630737,measure,-671.7514421272203,-671.7514421272201,20,certificate,q4_sparse25,0.0,0.0,1.0,5.0
16,2191.630737,2294.981974,measure,-917.6295349746149,-245.87809284739475,20,certificate,q4_sparse25,491.756186,98.351237,0.0,5.0
16,2294.981974,2300.981974,measure,-917.6295349746149,-245.87809284739475,1,certificate,q4_sparse25,0.0,0.0,1.0,5.0
16,2300.981974,2306.981974,measure,-917.6295349746149,-245.87809284739475,3,certificate,q4_sparse25,0.0,0.0,1.0,5.0
16,2306.981974,2312.981974,measure,-917.6295349746149,-245.87809284739475,5,certificate,q4_sparse25,0.0,0.0,1.0,5.0
16,2312.981974,2318.981974,measure,-917.6295349746149,-245.87809284739475,9,certificate,q4_sparse25,0.0,0.0,1.0,5.0
16,2318.981974,2324.981974,measure,-917.6295349746149,-245.87809284739475,11,certificate,q4_sparse25,0.0,0.0,1.0,5.0
16,2324.981974,2330.981974,measure,-917.6295349746149,-245.87809284739475,13,certificate,q4_sparse25,0.0,0.0,1.0,5.0
16,2330.981974,2336.981974,measure,-917.6295349746149,-245.87809284739475,16,certificate,q4_sparse25,0.0,0.0,1.0,5.0
16,2336.981974,2342.981974,measure,-917.6295349746149,-245.87809284739475,17,certificate,q4_sparse25,0.0,0.0,1.0,5.0
16,2342.981974,2348.981974,measure,-917.6295349746149,-245.87809284739475,18,certificate,q4_sparse25,0.0,0.0,1.0,5.0
16,2348.981974,2354.981974,measure,-917.6295349746149,-245.87809284739475,19,certificate,q4_sparse25,0.0,0.0,1.0,5.0
17,2354.981974,2458.333211,measure,-917.6295349746148,245.87809284739495,19,certificate,q4_sparse25,491.756186,98.351237,0.0,5.0
17,2458.333211,2464.333211,measure,-917.6295349746148,245.87809284739495,1,certificate,q4_sparse25,0.0,0.0,1.0,5.0
17,2464.333211,2470.333211,measure,-917.6295349746148,245.87809284739495,3,certificate,q4_sparse25,0.0,0.0,1.0,5.0
17,2470.333211,2476.333211,measure,-917.6295349746148,245.87809284739495,5,certificate,q4_sparse25,0.0,0.0,1.0,5.0
17,2476.333211,2482.333211,measure,-917.6295349746148,245.87809284739495,9,certificate,q4_sparse25,0.0,0.0,1.0,5.0
17,2482.333211,2488.333211,measure,-917.6295349746148,245.87809284739495,11,certificate,q4_sparse25,0.0,0.0,1.0,5.0
17,2488.333211,2494.333211,measure,-917.6295349746148,245.87809284739495,13,certificate,q4_sparse25,0.0,0.0,1.0,5.0
17,2494.333211,2500.333211,measure,-917.6295349746148,245.87809284739495,16,certificate,q4_sparse25,0.0,0.0,1.0,5.0
17,2500.333211,2506.333211,measure,-917.6295349746148,245.87809284739495,17,certificate,q4_sparse25,0.0,0.0,1.0,5.0
17,2506.333211,2512.333211,measure,-917.6295349746148,245.87809284739495,18,certificate,q4_sparse25,0.0,0.0,1.0,5.0
17,2512.333211,2518.333211,measure,-917.6295349746148,245.87809284739495,20,certificate,q4_sparse25,0.0,0.0,1.0,5.0
18,2518.333211,2621.684448,measure,-671.7514421272201,671.7514421272202,20,certificate,q4_sparse25,491.756186,98.351237,0.0,5.0
18,2621.684448,2627.684448,measure,-671.7514421272201,671.7514421272202,1,certificate,q4_sparse25,0.0,0.0,1.0,5.0
18,2627.684448,2633.684448,measure,-671.7514421272201,671.7514421272202,3,certificate,q4_sparse25,0.0,0.0,1.0,5.0
18,2633.684448,2639.684448,measure,-671.7514421272201,671.7514421272202,5,certificate,q4_sparse25,0.0,0.0,1.0,5.0
18,2639.684448,2645.684448,measure,-671.7514421272201,671.7514421272202,9,certificate,q4_sparse25,0.0,0.0,1.0,5.0
18,2645.684448,2651.684448,measure,-671.7514421272201,671.7514421272202,11,certificate,q4_sparse25,0.0,0.0,1.0,5.0
18,2651.684448,2657.684448,measure,-671.7514421272201,671.7514421272202,13,certificate,q4_sparse25,0.0,0.0,1.0,5.0
18,2657.684448,2663.684448,measure,-671.7514421272201,671.7514421272202,16,certificate,q4_sparse25,0.0,0.0,1.0,5.0
18,2663.684448,2669.684448,measure,-671.7514421272201,671.7514421272202,17,certificate,q4_sparse25,0.0,0.0,1.0,5.0
18,2669.684448,2675.684448,measure,-671.7514421272201,671.7514421272202,18,certificate,q4_sparse25,0.0,0.0,1.0,5.0
18,2675.684448,2681.684448,measure,-671.7514421272201,671.7514421272202,19,certificate,q4_sparse25,0.0,0.0,1.0,5.0
19,2681.684448,2785.035685,measure,-245.8780928473948,917.6295349746149,19,certificate,q4_sparse25,491.756186,98.351237,0.0,5.0
19,2785.035685,2791.035685,measure,-245.8780928473948,917.6295349746149,1,certificate,q4_sparse25,0.0,0.0,1.0,5.0
19,2791.035685,2797.035685,measure,-245.8780928473948,917.6295349746149,3,certificate,q4_sparse25,0.0,0.0,1.0,5.0
19,2797.035685,2803.035685,measure,-245.8780928473948,917.6295349746149,5,certificate,q4_sparse25,0.0,0.0,1.0,5.0
19,2803.035685,2809.035685,measure,-245.8780928473948,917.6295349746149,9,certificate,q4_sparse25,0.0,0.0,1.0,5.0
19,2809.035685,2815.035685,measure,-245.8780928473948,917.6295349746149,11,certificate,q4_sparse25,0.0,0.0,1.0,5.0
19,2815.035685,2821.035685,measure,-245.8780928473948,917.6295349746149,13,certificate,q4_sparse25,0.0,0.0,1.0,5.0
19,2821.035685,2827.035685,measure,-245.8780928473948,917.6295349746149,16,certificate,q4_sparse25,0.0,0.0,1.0,5.0
19,2827.035685,2833.035685,measure,-245.8780928473948,917.6295349746149,17,certificate,q4_sparse25,0.0,0.0,1.0,5.0
19,2833.035685,2839.035685,measure,-245.8780928473948,917.6295349746149,18,certificate,q4_sparse25,0.0,0.0,1.0,5.0
19,2839.035685,2845.035685,measure,-245.8780928473948,917.6295349746149,20,certificate,q4_sparse25,0.0,0.0,1.0,5.0
20,2845.035685,2948.386922,measure,245.8780928473947,917.6295349746149,20,certificate,q4_sparse25,491.756186,98.351237,0.0,5.0
20,2948.386922,2954.386922,measure,245.8780928473947,917.6295349746149,1,certificate,q4_sparse25,0.0,0.0,1.0,5.0
20,2954.386922,2960.386922,measure,245.8780928473947,917.6295349746149,3,certificate,q4_sparse25,0.0,0.0,1.0,5.0
20,2960.386922,2966.386922,measure,245.8780928473947,917.6295349746149,5,certificate,q4_sparse25,0.0,0.0,1.0,5.0
20,2966.386922,2972.386922,measure,245.8780928473947,917.6295349746149,9,certificate,q4_sparse25,0.0,0.0,1.0,5.0
20,2972.386922,2978.386922,measure,245.8780928473947,917.6295349746149,11,certificate,q4_sparse25,0.0,0.0,1.0,5.0
20,2978.386922,2984.386922,measure,245.8780928473947,917.6295349746149,13,certificate,q4_sparse25,0.0,0.0,1.0,5.0
20,2984.386922,2990.386922,measure,245.8780928473947,917.6295349746149,16,certificate,q4_sparse25,0.0,0.0,1.0,5.0
20,2990.386922,2996.386922,measure,245.8780928473947,917.6295349746149,17,certificate,q4_sparse25,0.0,0.0,1.0,5.0
20,2996.386922,3002.386922,measure,245.8780928473947,917.6295349746149,18,certificate,q4_sparse25,0.0,0.0,1.0,5.0
20,3002.386922,3008.386922,measure,245.8780928473947,917.6295349746149,19,certificate,q4_sparse25,0.0,0.0,1.0,5.0
21,3008.386922,3111.738159,measure,671.7514421272202,671.7514421272202,19,certificate,q4_sparse25,491.756186,98.351237,0.0,5.0
21,3111.738159,3117.738159,measure,671.7514421272202,671.7514421272202,1,certificate,q4_sparse25,0.0,0.0,1.0,5.0
21,3117.738159,3123.738159,measure,671.7514421272202,671.7514421272202,3,certificate,q4_sparse25,0.0,0.0,1.0,5.0
21,3123.738159,3129.738159,measure,671.7514421272202,671.7514421272202,5,certificate,q4_sparse25,0.0,0.0,1.0,5.0
21,3129.738159,3135.738159,measure,671.7514421272202,671.7514421272202,9,certificate,q4_sparse25,0.0,0.0,1.0,5.0
21,3135.738159,3141.738159,measure,671.7514421272202,671.7514421272202,11,certificate,q4_sparse25,0.0,0.0,1.0,5.0
21,3141.738159,3147.738159,measure,671.7514421272202,671.7514421272202,13,certificate,q4_sparse25,0.0,0.0,1.0,5.0
21,3147.738159,3153.738159,measure,671.7514421272202,671.7514421272202,16,certificate,q4_sparse25,0.0,0.0,1.0,5.0
21,3153.738159,3159.738159,measure,671.7514421272202,671.7514421272202,17,certificate,q4_sparse25,0.0,0.0,1.0,5.0
21,3159.738159,3165.738159,measure,671.7514421272202,671.7514421272202,18,certificate,q4_sparse25,0.0,0.0,1.0,5.0
21,3165.738159,3171.738159,measure,671.7514421272202,671.7514421272202,20,certificate,q4_sparse25,0.0,0.0,1.0,5.0
22,3171.738159,3275.089396,measure,917.6295349746149,245.8780928473947,20,certificate,q4_sparse25,491.756186,98.351237,0.0,5.0
22,3275.089396,3281.089396,measure,917.6295349746149,245.8780928473947,1,certificate,q4_sparse25,0.0,0.0,1.0,5.0
22,3281.089396,3287.089396,measure,917.6295349746149,245.8780928473947,3,certificate,q4_sparse25,0.0,0.0,1.0,5.0
22,3287.089396,3293.089396,measure,917.6295349746149,245.8780928473947,5,certificate,q4_sparse25,0.0,0.0,1.0,5.0
22,3293.089396,3299.089396,measure,917.6295349746149,245.8780928473947,9,certificate,q4_sparse25,0.0,0.0,1.0,5.0
22,3299.089396,3305.089396,measure,917.6295349746149,245.8780928473947,11,certificate,q4_sparse25,0.0,0.0,1.0,5.0
22,3305.089396,3311.089396,measure,917.6295349746149,245.8780928473947,13,certificate,q4_sparse25,0.0,0.0,1.0,5.0
22,3311.089396,3317.089396,measure,917.6295349746149,245.8780928473947,16,certificate,q4_sparse25,0.0,0.0,1.0,5.0
22,3317.089396,3323.089396,measure,917.6295349746149,245.8780928473947,17,certificate,q4_sparse25,0.0,0.0,1.0,5.0
22,3323.089396,3329.089396,measure,917.6295349746149,245.8780928473947,18,certificate,q4_sparse25,0.0,0.0,1.0,5.0
22,3329.089396,3335.089396,measure,917.6295349746149,245.8780928473947,19,certificate,q4_sparse25,0.0,0.0,1.0,5.0
23,3335.089396,3438.440634,measure,917.6295349746149,-245.87809284739464,19,certificate,q4_sparse25,491.756186,98.351237,0.0,5.0
23,3438.440634,3444.440634,measure,917.6295349746149,-245.87809284739464,1,certificate,q4_sparse25,0.0,0.0,1.0,5.0
23,3444.440634,3450.440634,measure,917.6295349746149,-245.87809284739464,3,certificate,q4_sparse25,0.0,0.0,1.0,5.0
23,3450.440634,3456.440634,measure,917.6295349746149,-245.87809284739464,5,certificate,q4_sparse25,0.0,0.0,1.0,5.0
23,3456.440634,3462.440634,measure,917.6295349746149,-245.87809284739464,9,certificate,q4_sparse25,0.0,0.0,1.0,5.0
23,3462.440634,3468.440634,measure,917.6295349746149,-245.87809284739464,11,certificate,q4_sparse25,0.0,0.0,1.0,5.0
23,3468.440634,3474.440634,measure,917.6295349746149,-245.87809284739464,13,certificate,q4_sparse25,0.0,0.0,1.0,5.0
23,3474.440634,3480.440634,measure,917.6295349746149,-245.87809284739464,16,certificate,q4_sparse25,0.0,0.0,1.0,5.0
23,3480.440634,3486.440634,measure,917.6295349746149,-245.87809284739464,17,certificate,q4_sparse25,0.0,0.0,1.0,5.0
23,3486.440634,3492.440634,measure,917.6295349746149,-245.87809284739464,18,certificate,q4_sparse25,0.0,0.0,1.0,5.0
23,3492.440634,3498.440634,measure,917.6295349746149,-245.87809284739464,20,certificate,q4_sparse25,0.0,0.0,1.0,5.0
24,3498.440634,3601.791871,measure,671.75144212722,-671.7514421272203,20,certificate,q4_sparse25,491.756186,98.351237,0.0,5.0
24,3601.791871,3607.791871,measure,671.75144212722,-671.7514421272203,1,certificate,q4_sparse25,0.0,0.0,1.0,5.0
24,3607.791871,3613.791871,measure,671.75144212722,-671.7514421272203,3,certificate,q4_sparse25,0.0,0.0,1.0,5.0
24,3613.791871,3619.791871,measure,671.75144212722,-671.7514421272203,5,certificate,q4_sparse25,0.0,0.0,1.0,5.0
24,3619.791871,3625.791871,measure,671.75144212722,-671.7514421272203,9,certificate,q4_sparse25,0.0,0.0,1.0,5.0
24,3625.791871,3631.791871,measure,671.75144212722,-671.7514421272203,11,certificate,q4_sparse25,0.0,0.0,1.0,5.0
24,3631.791871,3637.791871,measure,671.75144212722,-671.7514421272203,13,certificate,q4_sparse25,0.0,0.0,1.0,5.0
24,3637.791871,3643.791871,measure,671.75144212722,-671.7514421272203,16,certificate,q4_sparse25,0.0,0.0,1.0,5.0
24,3643.791871,3649.791871,measure,671.75144212722,-671.7514421272203,17,certificate,q4_sparse25,0.0,0.0,1.0,5.0
24,3649.791871,3655.791871,measure,671.75144212722,-671.7514421272203,18,certificate,q4_sparse25,0.0,0.0,1.0,5.0
24,3655.791871,3661.791871,measure,671.75144212722,-671.7514421272203,19,certificate,q4_sparse25,0.0,0.0,1.0,5.0
25,3661.791871,3765.143108,measure,245.87809284739427,-917.629534974615,19,certificate,q4_sparse25,491.756186,98.351237,0.0,5.0
25,3765.143108,3771.143108,measure,245.87809284739427,-917.629534974615,1,certificate,q4_sparse25,0.0,0.0,1.0,5.0
25,3771.143108,3777.143108,measure,245.87809284739427,-917.629534974615,3,certificate,q4_sparse25,0.0,0.0,1.0,5.0
25,3777.143108,3783.143108,measure,245.87809284739427,-917.629534974615,5,certificate,q4_sparse25,0.0,0.0,1.0,5.0
25,3783.143108,3789.143108,measure,245.87809284739427,-917.629534974615,9,certificate,q4_sparse25,0.0,0.0,1.0,5.0
25,3789.143108,3795.143108,measure,245.87809284739427,-917.629534974615,11,certificate,q4_sparse25,0.0,0.0,1.0,5.0
25,3795.143108,3801.143108,measure,245.87809284739427,-917.629534974615,13,certificate,q4_sparse25,0.0,0.0,1.0,5.0
25,3801.143108,3807.143108,measure,245.87809284739427,-917.629534974615,16,certificate,q4_sparse25,0.0,0.0,1.0,5.0
25,3807.143108,3813.143108,measure,245.87809284739427,-917.629534974615,17,certificate,q4_sparse25,0.0,0.0,1.0,5.0
25,3813.143108,3819.143108,measure,245.87809284739427,-917.629534974615,18,certificate,q4_sparse25,0.0,0.0,1.0,5.0
25,3819.143108,3825.143108,measure,245.87809284739427,-917.629534974615,20,certificate,q4_sparse25,0.0,0.0,1.0,5.0
26,3825.143108,3928.494345,measure,-245.87809284739458,-917.6295349746149,20,certificate,q4_sparse25,491.756186,98.351237,0.0,5.0
26,3928.494345,3934.494345,measure,-245.87809284739458,-917.6295349746149,1,certificate,q4_sparse25,0.0,0.0,1.0,5.0
26,3934.494345,3940.494345,measure,-245.87809284739458,-917.6295349746149,3,certificate,q4_sparse25,0.0,0.0,1.0,5.0
26,3940.494345,3946.494345,measure,-245.87809284739458,-917.6295349746149,5,certificate,q4_sparse25,0.0,0.0,1.0,5.0
26,3946.494345,3952.494345,measure,-245.87809284739458,-917.6295349746149,9,certificate,q4_sparse25,0.0,0.0,1.0,5.0
26,3952.494345,3958.494345,measure,-245.87809284739458,-917.6295349746149,11,certificate,q4_sparse25,0.0,0.0,1.0,5.0
26,3958.494345,3964.494345,measure,-245.87809284739458,-917.6295349746149,13,certificate,q4_sparse25,0.0,0.0,1.0,5.0
26,3964.494345,3970.494345,measure,-245.87809284739458,-917.6295349746149,16,certificate,q4_sparse25,0.0,0.0,1.0,5.0
26,3970.494345,3976.494345,measure,-245.87809284739458,-917.6295349746149,17,certificate,q4_sparse25,0.0,0.0,1.0,5.0
26,3976.494345,3982.494345,measure,-245.87809284739458,-917.6295349746149,18,certificate,q4_sparse25,0.0,0.0,1.0,5.0
26,3982.494345,3988.494345,measure,-245.87809284739458,-917.6295349746149,19,certificate,q4_sparse25,0.0,0.0,1.0,5.0
27,3988.494345,4190.213997,measure,-3.4351342716083257e-13,-1870.0,19,certificate,q4_sparse25,983.598261,196.719652,0.0,5.0
27,4190.213997,4196.213997,measure,-3.4351342716083257e-13,-1870.0,1,certificate,q4_sparse25,0.0,0.0,1.0,5.0
27,4196.213997,4202.213997,measure,-3.4351342716083257e-13,-1870.0,3,certificate,q4_sparse25,0.0,0.0,1.0,5.0
27,4202.213997,4208.213997,measure,-3.4351342716083257e-13,-1870.0,5,certificate,q4_sparse25,0.0,0.0,1.0,5.0
27,4208.213997,4214.213997,measure,-3.4351342716083257e-13,-1870.0,9,certificate,q4_sparse25,0.0,0.0,1.0,5.0
27,4214.213997,4220.213997,measure,-3.4351342716083257e-13,-1870.0,11,certificate,q4_sparse25,0.0,0.0,1.0,5.0
27,4220.213997,4226.213997,measure,-3.4351342716083257e-13,-1870.0,13,certificate,q4_sparse25,0.0,0.0,1.0,5.0
27,4226.213997,4232.213997,measure,-3.4351342716083257e-13,-1870.0,16,certificate,q4_sparse25,0.0,0.0,1.0,5.0
27,4232.213997,4238.213997,measure,-3.4351342716083257e-13,-1870.0,17,certificate,q4_sparse25,0.0,0.0,1.0,5.0
27,4238.213997,4244.213997,measure,-3.4351342716083257e-13,-1870.0,18,certificate,q4_sparse25,0.0,0.0,1.0,5.0
27,4244.213997,4250.213997,measure,-3.4351342716083257e-13,-1870.0,20,certificate,q4_sparse25,0.0,0.0,1.0,5.0
28,4250.213997,4448.810643,measure,-935.0000000000008,-1619.4675050769,20,certificate,q4_sparse25,967.983229,193.596646,0.0,5.0
28,4448.810643,4454.810643,measure,-935.0000000000008,-1619.4675050769,1,certificate,q4_sparse25,0.0,0.0,1.0,5.0
28,4454.810643,4460.810643,measure,-935.0000000000008,-1619.4675050769,3,certificate,q4_sparse25,0.0,0.0,1.0,5.0
28,4460.810643,4466.810643,measure,-935.0000000000008,-1619.4675050769,5,certificate,q4_sparse25,0.0,0.0,1.0,5.0
28,4466.810643,4472.810643,measure,-935.0000000000008,-1619.4675050769,9,certificate,q4_sparse25,0.0,0.0,1.0,5.0
28,4472.810643,4478.810643,measure,-935.0000000000008,-1619.4675050769,11,certificate,q4_sparse25,0.0,0.0,1.0,5.0
28,4478.810643,4484.810643,measure,-935.0000000000008,-1619.4675050769,13,certificate,q4_sparse25,0.0,0.0,1.0,5.0
28,4484.810643,4490.810643,measure,-935.0000000000008,-1619.4675050769,16,certificate,q4_sparse25,0.0,0.0,1.0,5.0
28,4490.810643,4496.810643,measure,-935.0000000000008,-1619.4675050769,17,certificate,q4_sparse25,0.0,0.0,1.0,5.0
28,4496.810643,4502.810643,measure,-935.0000000000008,-1619.4675050769,18,certificate,q4_sparse25,0.0,0.0,1.0,5.0
28,4502.810643,4508.810643,measure,-935.0000000000008,-1619.4675050769,19,certificate,q4_sparse25,0.0,0.0,1.0,5.0
29,4508.810643,4683.488245,measure,-1310.4913038878492,-858.6991452201917,19,active_localization,nbv:opportunistic,848.388011,169.677602,0.0,5.0
29,4683.488245,4689.488245,measure,-1310.4913038878492,-858.6991452201917,20,active_localization,nbv,0.0,0.0,1.0,5.0
29,4689.488245,4695.488245,measure,-1310.4913038878492,-858.6991452201917,1,active_localization,nbv:opportunistic,0.0,0.0,1.0,5.0
29,4695.488245,4701.488245,measure,-1310.4913038878492,-858.6991452201917,3,active_localization,nbv:opportunistic,0.0,0.0,1.0,5.0
29,4701.488245,4707.488245,measure,-1310.4913038878492,-858.6991452201917,5,active_localization,nbv:opportunistic,0.0,0.0,1.0,5.0
29,4707.488245,4713.488245,measure,-1310.4913038878492,-858.6991452201917,9,active_localization,nbv:opportunistic,0.0,0.0,1.0,5.0
29,4713.488245,4719.488245,measure,-1310.4913038878492,-858.6991452201917,11,active_localization,nbv:opportunistic,0.0,0.0,1.0,5.0
29,4719.488245,4725.488245,measure,-1310.4913038878492,-858.6991452201917,13,active_localization,nbv:opportunistic,0.0,0.0,1.0,5.0
29,4725.488245,4731.488245,measure,-1310.4913038878492,-858.6991452201917,16,active_localization,nbv:opportunistic,0.0,0.0,1.0,5.0
29,4731.488245,4737.488245,measure,-1310.4913038878492,-858.6991452201917,17,active_localization,nbv:opportunistic,0.0,0.0,1.0,5.0
29,4737.488245,4743.488245,measure,-1310.4913038878492,-858.6991452201917,18,active_localization,nbv:opportunistic,0.0,0.0,1.0,5.0
30,4743.488245,4807.788632,clear,-1014.179888165162,-848.0717297770877,20,ready_clear,clear,296.501934,59.300387,0.0,5.0
30,4807.788632,4812.788632,measure,-1014.179888165162,-848.0717297770877,18,ready_clear,clear:opportunistic,0.0,0.0,0.0,5.0
30,4812.788632,4818.788632,measure,-1014.179888165162,-848.0717297770877,1,ready_clear,clear:opportunistic,0.0,0.0,1.0,5.0
30,4818.788632,4824.788632,measure,-1014.179888165162,-848.0717297770877,3,ready_clear,clear:opportunistic,0.0,0.0,1.0,5.0
30,4824.788632,4830.788632,measure,-1014.179888165162,-848.0717297770877,5,ready_clear,clear:opportunistic,0.0,0.0,1.0,5.0
30,4830.788632,4836.788632,measure,-1014.179888165162,-848.0717297770877,9,ready_clear,clear:opportunistic,0.0,0.0,1.0,5.0
30,4836.788632,4842.788632,measure,-1014.179888165162,-848.0717297770877,11,ready_clear,clear:opportunistic,0.0,0.0,1.0,5.0
30,4842.788632,4848.788632,measure,-1014.179888165162,-848.0717297770877,13,ready_clear,clear:opportunistic,0.0,0.0,1.0,5.0
30,4848.788632,4854.788632,measure,-1014.179888165162,-848.0717297770877,16,ready_clear,clear:opportunistic,0.0,0.0,1.0,5.0
30,4854.788632,4860.788632,measure,-1014.179888165162,-848.0717297770877,17,ready_clear,clear:opportunistic,0.0,0.0,1.0,5.0
30,4860.788632,4866.788632,measure,-1014.179888165162,-848.0717297770877,19,ready_clear,clear:opportunistic,0.0,0.0,1.0,5.0
31,4866.788632,4994.088202,measure,-1619.4675050769001,-935.0000000000002,19,certificate,q4_sparse25,611.497852,122.29957,0.0,5.0
31,4994.088202,5000.088202,measure,-1619.4675050769001,-935.0000000000002,1,certificate,q4_sparse25,0.0,0.0,1.0,5.0
31,5000.088202,5006.088202,measure,-1619.4675050769001,-935.0000000000002,3,certificate,q4_sparse25,0.0,0.0,1.0,5.0
31,5006.088202,5012.088202,measure,-1619.4675050769001,-935.0000000000002,5,certificate,q4_sparse25,0.0,0.0,1.0,5.0
31,5012.088202,5018.088202,measure,-1619.4675050769001,-935.0000000000002,9,certificate,q4_sparse25,0.0,0.0,1.0,5.0
31,5018.088202,5024.088202,measure,-1619.4675050769001,-935.0000000000002,11,certificate,q4_sparse25,0.0,0.0,1.0,5.0
31,5024.088202,5030.088202,measure,-1619.4675050769001,-935.0000000000002,13,certificate,q4_sparse25,0.0,0.0,1.0,5.0
31,5030.088202,5036.088202,measure,-1619.4675050769001,-935.0000000000002,16,certificate,q4_sparse25,0.0,0.0,1.0,5.0
31,5036.088202,5042.088202,measure,-1619.4675050769001,-935.0000000000002,17,certificate,q4_sparse25,0.0,0.0,1.0,5.0
31,5042.088202,5048.088202,measure,-1619.4675050769001,-935.0000000000002,18,certificate,q4_sparse25,0.0,0.0,1.0,5.0
32,5048.088202,5246.684848,measure,-1870.0,2.2900895144055503e-13,18,certificate,q4_sparse25,967.983229,193.596646,0.0,5.0
32,5246.684848,5252.684848,measure,-1870.0,2.2900895144055503e-13,1,certificate,q4_sparse25,0.0,0.0,1.0,5.0
32,5252.684848,5258.684848,measure,-1870.0,2.2900895144055503e-13,3,certificate,q4_sparse25,0.0,0.0,1.0,5.0
32,5258.684848,5264.684848,measure,-1870.0,2.2900895144055503e-13,5,certificate,q4_sparse25,0.0,0.0,1.0,5.0
32,5264.684848,5270.684848,measure,-1870.0,2.2900895144055503e-13,9,certificate,q4_sparse25,0.0,0.0,1.0,5.0
32,5270.684848,5276.684848,measure,-1870.0,2.2900895144055503e-13,11,certificate,q4_sparse25,0.0,0.0,1.0,5.0
32,5276.684848,5282.684848,measure,-1870.0,2.2900895144055503e-13,13,certificate,q4_sparse25,0.0,0.0,1.0,5.0
32,5282.684848,5288.684848,measure,-1870.0,2.2900895144055503e-13,16,certificate,q4_sparse25,0.0,0.0,1.0,5.0
32,5288.684848,5294.684848,measure,-1870.0,2.2900895144055503e-13,17,certificate,q4_sparse25,0.0,0.0,1.0,5.0
32,5294.684848,5300.684848,measure,-1870.0,2.2900895144055503e-13,19,certificate,q4_sparse25,0.0,0.0,1.0,5.0
33,5300.684848,5499.281494,measure,-1619.4675050769004,934.9999999999999,19,certificate,q4_sparse25,967.983229,193.596646,0.0,5.0
33,5499.281494,5505.281494,measure,-1619.4675050769004,934.9999999999999,1,certificate,q4_sparse25,0.0,0.0,1.0,5.0
33,5505.281494,5511.281494,measure,-1619.4675050769004,934.9999999999999,3,certificate,q4_sparse25,0.0,0.0,1.0,5.0
33,5511.281494,5517.281494,measure,-1619.4675050769004,934.9999999999999,5,certificate,q4_sparse25,0.0,0.0,1.0,5.0
33,5517.281494,5523.281494,measure,-1619.4675050769004,934.9999999999999,9,certificate,q4_sparse25,0.0,0.0,1.0,5.0
33,5523.281494,5529.281494,measure,-1619.4675050769004,934.9999999999999,11,certificate,q4_sparse25,0.0,0.0,1.0,5.0
33,5529.281494,5535.281494,measure,-1619.4675050769004,934.9999999999999,13,certificate,q4_sparse25,0.0,0.0,1.0,5.0
33,5535.281494,5541.281494,measure,-1619.4675050769004,934.9999999999999,16,certificate,q4_sparse25,0.0,0.0,1.0,5.0
33,5541.281494,5547.281494,measure,-1619.4675050769004,934.9999999999999,17,certificate,q4_sparse25,0.0,0.0,1.0,5.0
33,5547.281494,5553.281494,measure,-1619.4675050769004,934.9999999999999,18,certificate,q4_sparse25,0.0,0.0,1.0,5.0
34,5553.281494,5751.87814,measure,-934.9999999999995,1619.4675050769004,18,certificate,q4_sparse25,967.983229,193.596646,0.0,5.0
34,5751.87814,5757.87814,measure,-934.9999999999995,1619.4675050769004,1,certificate,q4_sparse25,0.0,0.0,1.0,5.0
34,5757.87814,5763.87814,measure,-934.9999999999995,1619.4675050769004,3,certificate,q4_sparse25,0.0,0.0,1.0,5.0
34,5763.87814,5769.87814,measure,-934.9999999999995,1619.4675050769004,5,certificate,q4_sparse25,0.0,0.0,1.0,5.0
34,5769.87814,5775.87814,measure,-934.9999999999995,1619.4675050769004,9,certificate,q4_sparse25,0.0,0.0,1.0,5.0
34,5775.87814,5781.87814,measure,-934.9999999999995,1619.4675050769004,11,certificate,q4_sparse25,0.0,0.0,1.0,5.0
34,5781.87814,5787.87814,measure,-934.9999999999995,1619.4675050769004,13,certificate,q4_sparse25,0.0,0.0,1.0,5.0
34,5787.87814,5793.87814,measure,-934.9999999999995,1619.4675050769004,16,certificate,q4_sparse25,0.0,0.0,1.0,5.0
34,5793.87814,5799.87814,measure,-934.9999999999995,1619.4675050769004,17,certificate,q4_sparse25,0.0,0.0,1.0,5.0
34,5799.87814,5805.87814,measure,-934.9999999999995,1619.4675050769004,19,certificate,q4_sparse25,0.0,0.0,1.0,5.0
35,5805.87814,6004.474785,measure,1.1450447572027751e-13,1870.0,19,certificate,q4_sparse25,967.983229,193.596646,0.0,5.0
35,6004.474785,6010.474785,measure,1.1450447572027751e-13,1870.0,1,certificate,q4_sparse25,0.0,0.0,1.0,5.0
35,6010.474785,6016.474785,measure,1.1450447572027751e-13,1870.0,3,certificate,q4_sparse25,0.0,0.0,1.0,5.0
35,6016.474785,6022.474785,measure,1.1450447572027751e-13,1870.0,5,certificate,q4_sparse25,0.0,0.0,1.0,5.0
35,6022.474785,6028.474785,measure,1.1450447572027751e-13,1870.0,9,certificate,q4_sparse25,0.0,0.0,1.0,5.0
35,6028.474785,6034.474785,measure,1.1450447572027751e-13,1870.0,11,certificate,q4_sparse25,0.0,0.0,1.0,5.0
35,6034.474785,6040.474785,measure,1.1450447572027751e-13,1870.0,13,certificate,q4_sparse25,0.0,0.0,1.0,5.0
35,6040.474785,6046.474785,measure,1.1450447572027751e-13,1870.0,16,certificate,q4_sparse25,0.0,0.0,1.0,5.0
35,6046.474785,6052.474785,measure,1.1450447572027751e-13,1870.0,17,certificate,q4_sparse25,0.0,0.0,1.0,5.0
35,6052.474785,6058.474785,measure,1.1450447572027751e-13,1870.0,18,certificate,q4_sparse25,0.0,0.0,1.0,5.0
36,6058.474785,6257.071431,measure,935.0000000000002,1619.4675050769001,18,certificate,q4_sparse25,967.983229,193.596646,0.0,5.0
36,6257.071431,6263.071431,measure,935.0000000000002,1619.4675050769001,1,certificate,q4_sparse25,0.0,0.0,1.0,5.0
36,6263.071431,6269.071431,measure,935.0000000000002,1619.4675050769001,3,certificate,q4_sparse25,0.0,0.0,1.0,5.0
36,6269.071431,6275.071431,measure,935.0000000000002,1619.4675050769001,5,certificate,q4_sparse25,0.0,0.0,1.0,5.0
36,6275.071431,6281.071431,measure,935.0000000000002,1619.4675050769001,9,certificate,q4_sparse25,0.0,0.0,1.0,5.0
36,6281.071431,6287.071431,measure,935.0000000000002,1619.4675050769001,11,certificate,q4_sparse25,0.0,0.0,1.0,5.0
36,6287.071431,6293.071431,measure,935.0000000000002,1619.4675050769001,13,certificate,q4_sparse25,0.0,0.0,1.0,5.0
36,6293.071431,6299.071431,measure,935.0000000000002,1619.4675050769001,16,certificate,q4_sparse25,0.0,0.0,1.0,5.0
36,6299.071431,6305.071431,measure,935.0000000000002,1619.4675050769001,17,certificate,q4_sparse25,0.0,0.0,1.0,5.0
36,6305.071431,6311.071431,measure,935.0000000000002,1619.4675050769001,19,certificate,q4_sparse25,0.0,0.0,1.0,5.0
37,6311.071431,6509.668077,measure,1619.4675050769004,934.9999999999999,19,certificate,q4_sparse25,967.983229,193.596646,0.0,5.0
37,6509.668077,6515.668077,measure,1619.4675050769004,934.9999999999999,1,certificate,q4_sparse25,0.0,0.0,1.0,5.0
37,6515.668077,6521.668077,measure,1619.4675050769004,934.9999999999999,3,certificate,q4_sparse25,0.0,0.0,1.0,5.0
37,6521.668077,6527.668077,measure,1619.4675050769004,934.9999999999999,5,certificate,q4_sparse25,0.0,0.0,1.0,5.0
37,6527.668077,6533.668077,measure,1619.4675050769004,934.9999999999999,9,certificate,q4_sparse25,0.0,0.0,1.0,5.0
37,6533.668077,6539.668077,measure,1619.4675050769004,934.9999999999999,11,certificate,q4_sparse25,0.0,0.0,1.0,5.0
37,6539.668077,6545.668077,measure,1619.4675050769004,934.9999999999999,13,certificate,q4_sparse25,0.0,0.0,1.0,5.0
37,6545.668077,6551.668077,measure,1619.4675050769004,934.9999999999999,16,certificate,q4_sparse25,0.0,0.0,1.0,5.0
37,6551.668077,6557.668077,measure,1619.4675050769004,934.9999999999999,17,certificate,q4_sparse25,0.0,0.0,1.0,5.0
37,6557.668077,6563.668077,measure,1619.4675050769004,934.9999999999999,18,certificate,q4_sparse25,0.0,0.0,1.0,5.0
38,6563.668077,6762.264723,measure,1870.0,0.0,18,certificate,q4_sparse25,967.983229,193.596646,0.0,5.0
38,6762.264723,6768.264723,measure,1870.0,0.0,1,certificate,q4_sparse25,0.0,0.0,1.0,5.0
38,6768.264723,6774.264723,measure,1870.0,0.0,3,certificate,q4_sparse25,0.0,0.0,1.0,5.0
38,6774.264723,6780.264723,measure,1870.0,0.0,5,certificate,q4_sparse25,0.0,0.0,1.0,5.0
38,6780.264723,6786.264723,measure,1870.0,0.0,9,certificate,q4_sparse25,0.0,0.0,1.0,5.0
38,6786.264723,6792.264723,measure,1870.0,0.0,11,certificate,q4_sparse25,0.0,0.0,1.0,5.0
38,6792.264723,6798.264723,measure,1870.0,0.0,13,certificate,q4_sparse25,0.0,0.0,1.0,5.0
38,6798.264723,6804.264723,measure,1870.0,0.0,16,certificate,q4_sparse25,0.0,0.0,1.0,5.0
38,6804.264723,6810.264723,measure,1870.0,0.0,17,certificate,q4_sparse25,0.0,0.0,1.0,5.0
38,6810.264723,6816.264723,measure,1870.0,0.0,19,certificate,q4_sparse25,0.0,0.0,1.0,5.0
39,6816.264723,7014.861368,measure,1619.4675050768997,-935.0000000000008,19,certificate,q4_sparse25,967.983229,193.596646,0.0,5.0
39,7014.861368,7020.861368,measure,1619.4675050768997,-935.0000000000008,1,certificate,q4_sparse25,0.0,0.0,1.0,5.0
39,7020.861368,7026.861368,measure,1619.4675050768997,-935.0000000000008,3,certificate,q4_sparse25,0.0,0.0,1.0,5.0
39,7026.861368,7032.861368,measure,1619.4675050768997,-935.0000000000008,5,certificate,q4_sparse25,0.0,0.0,1.0,5.0
39,7032.861368,7038.861368,measure,1619.4675050768997,-935.0000000000008,9,certificate,q4_sparse25,0.0,0.0,1.0,5.0
39,7038.861368,7044.861368,measure,1619.4675050768997,-935.0000000000008,11,certificate,q4_sparse25,0.0,0.0,1.0,5.0
39,7044.861368,7050.861368,measure,1619.4675050768997,-935.0000000000008,13,certificate,q4_sparse25,0.0,0.0,1.0,5.0
39,7050.861368,7056.861368,measure,1619.4675050768997,-935.0000000000008,16,certificate,q4_sparse25,0.0,0.0,1.0,5.0
39,7056.861368,7062.861368,measure,1619.4675050768997,-935.0000000000008,17,certificate,q4_sparse25,0.0,0.0,1.0,5.0
39,7062.861368,7068.861368,measure,1619.4675050768997,-935.0000000000008,18,certificate,q4_sparse25,0.0,0.0,1.0,5.0
40,7068.861368,7267.458014,measure,935.0000000000002,-1619.4675050769001,18,certificate,q4_sparse25,967.983229,193.596646,0.0,5.0
40,7267.458014,7273.458014,measure,935.0000000000002,-1619.4675050769001,1,certificate,q4_sparse25,0.0,0.0,1.0,5.0
40,7273.458014,7279.458014,measure,935.0000000000002,-1619.4675050769001,3,certificate,q4_sparse25,0.0,0.0,1.0,5.0
40,7279.458014,7285.458014,measure,935.0000000000002,-1619.4675050769001,5,certificate,q4_sparse25,0.0,0.0,1.0,5.0
40,7285.458014,7291.458014,measure,935.0000000000002,-1619.4675050769001,9,certificate,q4_sparse25,0.0,0.0,1.0,5.0
40,7291.458014,7297.458014,measure,935.0000000000002,-1619.4675050769001,11,certificate,q4_sparse25,0.0,0.0,1.0,5.0
40,7297.458014,7303.458014,measure,935.0000000000002,-1619.4675050769001,13,certificate,q4_sparse25,0.0,0.0,1.0,5.0
40,7303.458014,7309.458014,measure,935.0000000000002,-1619.4675050769001,16,certificate,q4_sparse25,0.0,0.0,1.0,5.0
40,7309.458014,7315.458014,measure,935.0000000000002,-1619.4675050769001,17,certificate,q4_sparse25,0.0,0.0,1.0,5.0
40,7315.458014,7321.458014,measure,935.0000000000002,-1619.4675050769001,19,certificate,q4_sparse25,0.0,0.0,1.0,5.0
41,7321.458014,7321.458014,exit,,,,lifecycle,enter_exit,0.0,0.0,0.0,0.0
