question,variant,virtual_time,resolved_fraction,mean_unresolved_coverage_est
q3,mainline,119.000,0.0000,0.1857
q3,mainline,358.047,0.0000,0.3143
q3,mainline,555.992,0.0000,0.3571
q3,mainline,720.018,0.0000,0.3714
q3,mainline,955.719,0.0000,0.4112
q3,mainline,1113.744,0.0000,0.4378
q3,mainline,1234.044,0.0000,0.4510
q3,mainline,1370.032,0.0000,0.4510
q3,mainline,1479.488,0.0000,0.4510
q3,mainline,1575.716,0.0000,0.4510
q3,mainline,1580.716,0.0500,0.4748
q3,mainline,2108.977,0.0500,0.4844
q3,mainline,2233.762,0.0500,0.4619
q3,mainline,2374.766,0.0500,0.4619
q3,mainline,2484.038,0.0500,0.4619
q3,mainline,2602.615,0.0500,0.4619
q3,mainline,2694.250,0.0500,0.4619
q3,mainline,2759.303,0.1000,0.4875
q3,mainline,3078.721,0.1000,0.5215
q3,mainline,3144.238,0.1000,0.5215
q3,mainline,3267.499,0.1000,0.5215
q3,mainline,3333.864,0.1000,0.5215
q3,mainline,3428.176,0.1000,0.5215
q3,mainline,3507.625,0.1000,0.5215
q3,mainline,3579.850,0.1000,0.5215
q3,mainline,3584.850,0.1500,0.5522
q3,mainline,3817.117,0.1500,0.5522
q3,mainline,3822.117,0.2000,0.5867
q3,mainline,3967.902,0.2000,0.5867
q3,mainline,4051.653,0.2000,0.5867
q3,mainline,4284.921,0.2000,0.5867
q3,mainline,4414.756,0.2000,0.5867
q3,mainline,4480.643,0.2500,0.6259
q3,mainline,4705.445,0.2500,0.6259
q3,mainline,4807.953,0.2500,0.6259
q3,mainline,4887.968,0.2500,0.6259
q3,mainline,4955.592,0.3000,0.6706
q3,mainline,5275.177,0.3000,0.6706
q3,mainline,5358.933,0.3000,0.6706
q3,mainline,5430.589,0.3000,0.6706
q3,mainline,5497.244,0.3500,0.7221
q3,mainline,5763.758,0.3500,0.7221
q3,mainline,5828.225,0.4000,0.7823
q3,mainline,6298.998,0.4000,0.7823
q3,mainline,6371.615,0.4000,0.7823
q3,mainline,6439.232,0.4500,0.8534
q3,mainline,6707.379,0.4500,0.8534
q3,mainline,6772.619,0.5000,0.9388
q3,mainline,7011.004,0.5000,0.9592
q3,mainline,7381.773,0.5000,0.9592
q3,mainline,7752.543,0.5000,0.9796
q3,mainline,8123.312,0.5000,0.9796
q3,mainline,8494.081,1.0000,
q3,a4_nearest_cert,119.000,0.0000,0.1857
q3,a4_nearest_cert,358.047,0.0000,0.3143
q3,a4_nearest_cert,555.992,0.0000,0.3571
q3,a4_nearest_cert,720.018,0.0000,0.3714
q3,a4_nearest_cert,955.719,0.0000,0.4112
q3,a4_nearest_cert,1113.744,0.0000,0.4378
q3,a4_nearest_cert,1234.044,0.0000,0.4510
q3,a4_nearest_cert,1370.032,0.0000,0.4510
q3,a4_nearest_cert,1479.488,0.0000,0.4510
q3,a4_nearest_cert,1575.716,0.0000,0.4510
q3,a4_nearest_cert,1580.716,0.0500,0.4748
q3,a4_nearest_cert,2108.977,0.0500,0.4844
q3,a4_nearest_cert,2233.762,0.0500,0.4619
q3,a4_nearest_cert,2374.766,0.0500,0.4619
q3,a4_nearest_cert,2484.038,0.0500,0.4619
q3,a4_nearest_cert,2602.615,0.0500,0.4619
q3,a4_nearest_cert,2694.250,0.0500,0.4619
q3,a4_nearest_cert,2759.303,0.1000,0.4875
q3,a4_nearest_cert,3078.721,0.1000,0.5215
q3,a4_nearest_cert,3144.238,0.1000,0.5215
q3,a4_nearest_cert,3267.499,0.1000,0.5215
q3,a4_nearest_cert,3333.864,0.1000,0.5215
q3,a4_nearest_cert,3428.176,0.1000,0.5215
q3,a4_nearest_cert,3507.625,0.1000,0.5215
q3,a4_nearest_cert,3579.850,0.1000,0.5215
q3,a4_nearest_cert,3584.850,0.1500,0.5522
q3,a4_nearest_cert,3817.117,0.1500,0.5522
q3,a4_nearest_cert,3822.117,0.2000,0.5867
q3,a4_nearest_cert,3967.902,0.2000,0.5867
q3,a4_nearest_cert,4051.653,0.2000,0.5867
q3,a4_nearest_cert,4284.921,0.2000,0.5867
q3,a4_nearest_cert,4414.756,0.2000,0.5867
q3,a4_nearest_cert,4480.643,0.2500,0.6259
q3,a4_nearest_cert,4705.445,0.2500,0.6259
q3,a4_nearest_cert,4807.953,0.2500,0.6259
q3,a4_nearest_cert,4887.968,0.2500,0.6259
q3,a4_nearest_cert,4955.592,0.3000,0.6706
q3,a4_nearest_cert,5275.177,0.3000,0.6706
q3,a4_nearest_cert,5358.933,0.3000,0.6706
q3,a4_nearest_cert,5430.589,0.3000,0.6706
q3,a4_nearest_cert,5497.244,0.3500,0.7221
q3,a4_nearest_cert,5763.758,0.3500,0.7221
q3,a4_nearest_cert,5828.225,0.4000,0.7823
q3,a4_nearest_cert,6298.998,0.4000,0.7823
q3,a4_nearest_cert,6371.615,0.4000,0.7823
q3,a4_nearest_cert,6439.232,0.4500,0.8534
q3,a4_nearest_cert,6707.379,0.4500,0.8534
q3,a4_nearest_cert,6772.619,0.5000,0.9388
q3,a4_nearest_cert,7011.004,0.5000,0.9592
q3,a4_nearest_cert,7381.773,0.5000,0.9592
q3,a4_nearest_cert,7752.543,0.5000,0.9796
q3,a4_nearest_cert,8123.312,0.5000,0.9796
q3,a4_nearest_cert,8494.081,1.0000,
q4,mainline,119.000,0.0000,0.0000
q4,mainline,286.019,0.0000,0.0000
q4,mainline,292.019,0.0000,0.0000
q4,mainline,298.019,0.0000,0.0000
q4,mainline,460.039,0.0000,0.0000
q4,mainline,466.039,0.0000,0.0000
q4,mainline,632.723,0.0000,0.0000
q4,mainline,638.723,0.0000,0.0000
q4,mainline,903.323,0.0000,0.0000
q4,mainline,996.251,0.0000,0.0000
q4,mainline,1089.179,0.0000,0.0000
q4,mainline,1182.108,0.0000,0.0000
q4,mainline,1275.036,0.0000,0.0000
q4,mainline,1374.892,0.0000,0.0000
q4,mainline,1467.820,0.0000,0.0000
q4,mainline,1560.749,0.0000,0.0000
q4,mainline,1653.677,0.0000,0.0000
q4,mainline,1746.605,0.0000,0.0000
q4,mainline,1839.533,0.0000,0.0000
q4,mainline,1932.462,0.0000,0.0000
q4,mainline,2025.390,0.0000,0.0000
q4,mainline,2118.318,0.0000,0.0000
q4,mainline,2218.174,0.0000,0.0000
q4,mainline,2311.103,0.0000,0.0000
q4,mainline,2404.031,0.0000,0.0000
q4,mainline,2496.959,0.0000,0.0000
q4,mainline,2589.887,0.0000,0.0000
q4,mainline,2682.815,0.0000,0.0000
q4,mainline,2775.744,0.0000,0.0000
q4,mainline,2868.672,0.0000,0.0000
q4,mainline,2961.600,0.0000,0.0000
q4,mainline,3054.528,0.0000,0.0000
q4,mainline,3147.456,0.0000,0.0000
q4,mainline,3240.385,0.0000,0.0000
q4,mainline,3333.313,0.0000,0.0000
q4,mainline,3426.241,0.0000,0.0000
q4,mainline,3519.169,0.0000,0.0000
q4,mainline,3612.097,0.0000,0.0000
q4,mainline,3705.026,0.0000,0.0000
q4,mainline,3797.954,0.0000,0.0000
q4,mainline,3890.882,0.0000,0.0000
q4,mainline,3983.810,0.0000,0.0000
q4,mainline,4076.738,0.0000,0.0000
q4,mainline,4169.667,0.0000,0.0000
q4,mainline,4262.595,0.0000,0.0000
q4,mainline,4355.523,0.0000,0.0000
q4,mainline,4448.451,0.0000,0.0000
q4,mainline,4541.379,0.0000,0.0000
q4,mainline,4628.308,0.0000,0.0000
q4,mainline,4715.236,0.0000,0.0000
q4,mainline,4802.164,0.0000,0.0000
q4,mainline,4889.092,0.0000,0.0000
q4,mainline,4976.020,0.0000,0.0000
q4,mainline,5062.949,0.0000,0.0000
q4,mainline,5149.877,0.0000,0.0000
q4,mainline,5236.805,0.0000,0.0000
q4,mainline,5323.733,0.0000,0.0000
q4,mainline,5410.661,0.0000,0.0000
q4,mainline,5497.590,0.0000,0.0000
q4,mainline,5584.518,0.0000,0.0000
q4,mainline,5671.446,0.0000,0.0000
q4,mainline,5758.374,0.0000,0.0000
q4,mainline,5847.302,0.0500,0.0000
q4,mainline,5853.302,0.0500,0.0000
q4,mainline,5859.302,0.0500,0.0000
q4,mainline,5865.302,0.0500,0.0000
q4,mainline,6125.780,0.0500,0.0000
q4,mainline,6131.780,0.0500,0.0000
q4,mainline,6304.018,0.0500,0.0000
q4,mainline,6458.360,0.0500,0.0000
q4,mainline,6539.288,0.0500,0.0000
q4,mainline,6620.217,0.0500,0.0000
q4,mainline,6701.145,0.0500,0.0000
q4,mainline,6782.073,0.0500,0.0000
q4,mainline,6863.001,0.0500,0.0000
q4,mainline,6943.929,0.0500,0.0000
q4,mainline,7024.858,0.0500,0.0000
q4,mainline,7105.786,0.0500,0.0000
q4,mainline,7186.714,0.0500,0.0000
q4,mainline,7267.642,0.0500,0.0000
q4,mainline,7348.570,0.0500,0.0000
q4,mainline,7429.499,0.0500,0.0000
q4,mainline,7510.427,0.0500,0.0000
q4,mainline,7591.355,0.0500,0.0000
q4,mainline,7672.283,0.0500,0.0000
q4,mainline,7753.212,0.0500,0.0000
q4,mainline,7834.140,0.0500,0.0000
q4,mainline,7915.068,0.0500,0.0000
q4,mainline,7995.996,0.0500,0.0000
q4,mainline,8076.924,0.0500,0.0000
q4,mainline,8157.853,0.0500,0.0000
q4,mainline,8238.781,0.0500,0.0000
q4,mainline,8319.709,0.0500,0.0000
q4,mainline,8400.637,0.0500,0.0000
q4,mainline,8481.565,0.0500,0.0000
q4,mainline,8562.494,0.0500,0.0000
q4,mainline,8643.422,0.0500,0.0000
q4,mainline,8724.350,0.0500,0.0000
q4,mainline,8805.278,0.0500,0.0000
q4,mainline,8886.206,0.0500,0.0000
q4,mainline,8967.135,0.0500,0.0000
q4,mainline,9048.063,0.0500,0.0000
q4,mainline,9128.991,0.0500,0.0000
q4,mainline,9209.919,0.0500,0.0000
q4,mainline,9290.847,0.0500,0.0000
q4,mainline,9371.776,0.0500,0.0000
q4,mainline,9452.704,0.0500,0.0000
q4,mainline,9565.364,0.1000,0.0000
q4,mainline,9571.364,0.1000,0.0000
q4,mainline,9799.188,0.1000,0.0000
q4,mainline,9880.116,0.1000,0.0000
q4,mainline,9961.045,0.1000,0.0000
q4,mainline,10041.973,0.1000,0.0000
q4,mainline,10122.901,0.1000,0.0000
q4,mainline,10203.829,0.1000,0.0000
q4,mainline,10284.757,0.1000,0.0000
q4,mainline,10365.686,0.1000,0.0000
q4,mainline,10440.614,0.1000,0.0000
q4,mainline,10515.542,0.1000,0.0000
q4,mainline,10590.470,0.1000,0.0000
q4,mainline,10665.398,0.1000,0.0000
q4,mainline,10754.183,0.1000,0.0000
q4,mainline,10829.111,0.1000,0.0000
q4,mainline,10904.039,0.1000,0.0000
q4,mainline,10978.968,0.1000,0.0000
q4,mainline,11053.896,0.1000,0.0000
q4,mainline,11128.824,0.1000,0.0000
q4,mainline,11203.752,0.1000,0.0000
q4,mainline,11278.680,0.1000,0.0000
q4,mainline,11353.609,0.1000,0.0000
q4,mainline,11428.537,0.1000,0.0000
q4,mainline,11503.465,0.1000,0.0000
q4,mainline,11578.393,0.1000,0.0000
q4,mainline,11653.321,0.1000,0.0000
q4,mainline,11728.250,0.1000,0.0000
q4,mainline,11808.250,0.1000,0.0000
q4,mainline,11883.178,0.1000,0.0000
q4,mainline,11958.106,0.1000,0.0000
q4,mainline,12033.034,0.1000,0.0000
q4,mainline,12107.962,0.1000,0.0000
q4,mainline,12182.891,0.1000,0.0000
q4,mainline,12257.819,0.1000,0.0000
q4,mainline,12332.747,0.1000,0.0000
q4,mainline,12407.675,0.1000,0.0000
q4,mainline,12484.603,0.1500,0.0000
q4,mainline,12490.603,0.1500,0.0000
q4,mainline,12496.603,0.1500,0.0000
q4,mainline,12779.319,0.1500,0.0000
q4,mainline,12785.319,0.1500,0.0000
q4,mainline,12904.839,0.1500,0.0000
q4,mainline,12910.839,0.1500,0.0000
q4,mainline,13216.088,0.1500,0.0000
q4,mainline,13291.016,0.1500,0.0000
q4,mainline,13365.944,0.1500,0.0000
q4,mainline,13440.873,0.1500,0.0000
q4,mainline,13515.801,0.1500,0.0000
q4,mainline,13590.729,0.1500,0.0000
q4,mainline,13670.729,0.1500,0.0000
q4,mainline,13745.657,0.1500,0.0000
q4,mainline,13820.585,0.1500,0.0000
q4,mainline,13895.514,0.1500,0.0000
q4,mainline,13970.442,0.1500,0.0000
q4,mainline,14045.370,0.1500,0.0000
q4,mainline,14120.298,0.1500,0.0000
q4,mainline,14195.226,0.1500,0.0000
q4,mainline,14270.155,0.1500,0.0000
q4,mainline,14345.083,0.1500,0.0000
q4,mainline,14420.011,0.1500,0.0000
q4,mainline,14494.939,0.1500,0.0000
q4,mainline,14569.867,0.1500,0.0000
q4,mainline,14644.796,0.1500,0.0000
q4,mainline,14719.724,0.1500,0.0000
q4,mainline,14794.652,0.1500,0.0000
q4,mainline,14869.580,0.1500,0.0000
q4,mainline,14944.508,0.1500,0.0000
q4,mainline,15019.437,0.1500,0.0000
q4,mainline,15094.365,0.1500,0.0000
q4,mainline,15169.293,0.1500,0.0000
q4,mainline,15244.221,0.1500,0.0000
q4,mainline,15319.150,0.1500,0.0000
q4,mainline,15394.078,0.1500,0.0000
q4,mainline,15469.006,0.1500,0.0000
q4,mainline,15543.934,0.1500,0.0000
q4,mainline,15618.862,0.1500,0.0000
q4,mainline,15693.791,0.1500,0.0000
q4,mainline,15768.719,0.1500,0.0000
q4,mainline,15843.647,0.1500,0.0000
q4,mainline,15918.575,0.1500,0.0000
q4,mainline,15993.503,0.1500,0.0000
q4,mainline,16068.432,0.1500,0.0000
q4,mainline,16143.360,0.1500,0.0000
q4,mainline,16218.288,0.1500,0.0000
q4,mainline,16293.216,0.1500,0.0000
q4,mainline,16368.144,0.1500,0.0000
q4,mainline,16448.144,0.1500,0.0000
q4,mainline,16523.073,0.1500,0.0000
q4,mainline,16598.001,0.1500,0.0000
q4,mainline,16672.929,0.1500,0.0000
q4,mainline,16747.857,0.1500,0.0000
q4,mainline,16822.785,0.1500,0.0000
q4,mainline,16897.714,0.1500,0.0000
q4,mainline,16972.642,0.1500,0.0000
q4,mainline,17047.570,0.1500,0.0000
q4,mainline,17122.498,0.1500,0.0000
q4,mainline,17197.426,0.1500,0.0000
q4,mainline,17272.355,0.1500,0.0000
q4,mainline,17341.283,0.1500,0.0000
q4,mainline,17410.211,0.1500,0.0000
q4,mainline,17479.139,0.1500,0.0000
q4,mainline,17548.067,0.1500,0.0000
q4,mainline,17616.996,0.1500,0.0000
q4,mainline,17685.924,0.1500,0.0000
q4,mainline,17754.852,0.1500,0.0000
q4,mainline,17823.780,0.1500,0.0000
q4,mainline,17894.708,0.2000,0.0000
q4,mainline,17900.708,0.2000,0.0000
q4,mainline,18386.920,0.2000,0.0000
q4,mainline,18481.922,0.2000,0.0000
q4,mainline,18555.923,0.2000,0.0000
q4,mainline,18640.423,0.2000,0.0000
q4,mainline,18711.273,0.2000,0.0000
q4,mainline,18779.197,0.2000,0.0000
q4,mainline,18844.296,0.2000,0.0000
q4,mainline,18913.224,0.2000,0.0000
q4,mainline,18982.153,0.2000,0.0000
q4,mainline,19053.081,0.2500,0.0000
q4,mainline,19199.815,0.2500,0.0000
q4,mainline,19318.836,0.2500,0.0000
q4,mainline,19324.836,0.2500,0.0000
q4,mainline,19437.856,0.3000,0.0000
q4,mainline,19670.140,0.3000,0.0000
q4,mainline,19789.139,0.3000,0.0000
q4,mainline,19866.139,0.3000,0.0000
q4,mainline,19934.139,0.3000,0.0000
q4,mainline,19994.745,0.3500,0.0000
q4,mainline,20094.182,0.3500,0.0000
q4,mainline,20201.056,0.3500,0.0000
q4,mainline,20283.993,0.3500,0.0000
q4,mainline,20358.649,0.3500,0.0000
q4,mainline,20421.578,0.3500,0.0000
q4,mainline,20484.506,0.3500,0.0000
q4,mainline,20547.434,0.3500,0.0000
q4,mainline,20610.362,0.3500,0.0000
q4,mainline,20673.290,0.3500,0.0000
q4,mainline,20736.219,0.3500,0.0000
q4,mainline,20799.147,0.3500,0.0000
q4,mainline,20867.147,0.3500,0.0000
q4,mainline,20935.147,0.3500,0.0000
q4,mainline,20998.075,0.3500,0.0000
q4,mainline,21061.003,0.3500,0.0000
q4,mainline,21123.932,0.3500,0.0000
q4,mainline,21186.860,0.3500,0.0000
q4,mainline,21249.788,0.3500,0.0000
q4,mainline,21312.716,0.3500,0.0000
q4,mainline,21375.644,0.3500,0.0000
q4,mainline,21438.573,0.3500,0.0000
q4,mainline,21503.501,0.4000,0.0000
q4,mainline,21667.324,0.4000,0.0000
q4,mainline,21744.951,0.4000,0.0000
q4,mainline,21811.660,0.4000,0.0000
q4,mainline,21870.342,0.4500,0.0000
q4,mainline,22505.374,0.4500,0.0000
q4,mainline,22570.034,0.4500,0.0000
q4,mainline,22629.694,0.5000,0.0000
q4,mainline,22879.260,0.5000,0.0000
q4,mainline,22974.994,0.5000,0.0000
q4,mainline,23109.536,0.5000,0.0000
q4,mainline,23202.994,0.5000,0.0000
q4,mainline,23268.131,0.5000,0.0000
q4,mainline,23326.335,0.5000,0.0000
q4,mainline,23380.896,0.5000,0.0000
q4,mainline,23434.676,0.5000,0.0000
q4,mainline,23489.667,0.5500,0.0000
q4,mainline,23692.410,0.5500,0.0000
q4,mainline,23746.858,0.5500,0.0000
q4,mainline,23751.858,0.6000,0.0000
q4,mainline,23836.276,0.6000,0.0000
q4,mainline,24073.276,0.6000,0.0000
q4,mainline,24310.276,0.6000,0.0000
q4,mainline,24547.276,0.6000,0.0000
q4,mainline,24784.276,0.6000,0.0000
q4,mainline,25021.276,0.6000,0.0000
q4,mainline,25258.276,0.6000,0.0000
q4,mainline,25495.276,0.6000,0.0000
q4,mainline,25597.849,0.6000,0.0000
q4,mainline,25752.597,0.6000,0.0000
q4,mainline,25851.175,0.6000,0.0000
q4,mainline,25907.864,0.6000,0.0000
q4,mainline,25954.585,0.6500,0.0000
q4,mainline,26063.921,0.6500,0.0000
q4,mainline,26294.921,0.6500,0.0000
q4,mainline,26525.921,0.6500,0.0000
q4,mainline,26756.921,0.6500,0.0000
q4,mainline,26987.921,0.6500,0.0000
q4,mainline,27218.921,0.6500,0.0000
q4,mainline,27449.921,0.6500,0.0408
q4,mainline,27680.921,0.6500,0.0408
q4,mainline,27911.921,0.6500,0.0408
q4,mainline,28142.921,0.6500,0.0408
q4,mainline,28373.921,0.6500,0.0408
q4,mainline,28604.921,0.6500,0.0408
q4,mainline,28975.011,0.6500,0.0408
q4,mainline,29206.011,0.6500,0.0816
q4,mainline,29437.011,0.6500,0.0816
q4,mainline,29668.011,0.6500,0.0816
q4,mainline,29899.011,0.6500,0.0816
q4,mainline,30130.011,0.6500,0.0816
q4,mainline,30361.011,0.6500,0.0816
q4,mainline,30904.703,0.6500,0.0816
q4,mainline,31135.703,0.6500,0.0816
q4,mainline,31505.793,1.0000,
q4,a4_nearest_cert,119.000,0.0000,0.0000
q4,a4_nearest_cert,286.019,0.0000,0.0000
q4,a4_nearest_cert,292.019,0.0000,0.0000
q4,a4_nearest_cert,298.019,0.0000,0.0000
q4,a4_nearest_cert,460.039,0.0000,0.0000
q4,a4_nearest_cert,466.039,0.0000,0.0000
q4,a4_nearest_cert,632.723,0.0000,0.0000
q4,a4_nearest_cert,638.723,0.0000,0.0000
q4,a4_nearest_cert,903.323,0.0000,0.0000
q4,a4_nearest_cert,996.251,0.0000,0.0000
q4,a4_nearest_cert,1089.179,0.0000,0.0000
q4,a4_nearest_cert,1182.108,0.0000,0.0000
q4,a4_nearest_cert,1275.036,0.0000,0.0000
q4,a4_nearest_cert,1374.892,0.0000,0.0000
q4,a4_nearest_cert,1467.820,0.0000,0.0000
q4,a4_nearest_cert,1560.749,0.0000,0.0000
q4,a4_nearest_cert,1653.677,0.0000,0.0000
q4,a4_nearest_cert,1746.605,0.0000,0.0000
q4,a4_nearest_cert,1839.533,0.0000,0.0000
q4,a4_nearest_cert,1932.462,0.0000,0.0000
q4,a4_nearest_cert,2025.390,0.0000,0.0000
q4,a4_nearest_cert,2118.318,0.0000,0.0000
q4,a4_nearest_cert,2218.174,0.0000,0.0000
q4,a4_nearest_cert,2311.103,0.0000,0.0000
q4,a4_nearest_cert,2404.031,0.0000,0.0000
q4,a4_nearest_cert,2496.959,0.0000,0.0000
q4,a4_nearest_cert,2589.887,0.0000,0.0000
q4,a4_nearest_cert,2682.815,0.0000,0.0000
q4,a4_nearest_cert,2775.744,0.0000,0.0000
q4,a4_nearest_cert,2868.672,0.0000,0.0000
q4,a4_nearest_cert,2961.600,0.0000,0.0000
q4,a4_nearest_cert,3054.528,0.0000,0.0000
q4,a4_nearest_cert,3147.456,0.0000,0.0000
q4,a4_nearest_cert,3240.385,0.0000,0.0000
q4,a4_nearest_cert,3333.313,0.0000,0.0000
q4,a4_nearest_cert,3426.241,0.0000,0.0000
q4,a4_nearest_cert,3519.169,0.0000,0.0000
q4,a4_nearest_cert,3612.097,0.0000,0.0000
q4,a4_nearest_cert,3705.026,0.0000,0.0000
q4,a4_nearest_cert,3797.954,0.0000,0.0000
q4,a4_nearest_cert,3890.882,0.0000,0.0000
q4,a4_nearest_cert,3983.810,0.0000,0.0000
q4,a4_nearest_cert,4076.738,0.0000,0.0000
q4,a4_nearest_cert,4169.667,0.0000,0.0000
q4,a4_nearest_cert,4262.595,0.0000,0.0000
q4,a4_nearest_cert,4355.523,0.0000,0.0000
q4,a4_nearest_cert,4448.451,0.0000,0.0000
q4,a4_nearest_cert,4541.379,0.0000,0.0000
q4,a4_nearest_cert,4628.308,0.0000,0.0000
q4,a4_nearest_cert,4715.236,0.0000,0.0000
q4,a4_nearest_cert,4802.164,0.0000,0.0000
q4,a4_nearest_cert,4889.092,0.0000,0.0000
q4,a4_nearest_cert,4976.020,0.0000,0.0000
q4,a4_nearest_cert,5062.949,0.0000,0.0000
q4,a4_nearest_cert,5149.877,0.0000,0.0000
q4,a4_nearest_cert,5236.805,0.0000,0.0000
q4,a4_nearest_cert,5323.733,0.0000,0.0000
q4,a4_nearest_cert,5410.661,0.0000,0.0000
q4,a4_nearest_cert,5497.590,0.0000,0.0000
q4,a4_nearest_cert,5584.518,0.0000,0.0000
q4,a4_nearest_cert,5671.446,0.0000,0.0000
q4,a4_nearest_cert,5758.374,0.0000,0.0000
q4,a4_nearest_cert,5847.302,0.0500,0.0000
q4,a4_nearest_cert,5853.302,0.0500,0.0000
q4,a4_nearest_cert,5859.302,0.0500,0.0000
q4,a4_nearest_cert,5865.302,0.0500,0.0000
q4,a4_nearest_cert,6125.780,0.0500,0.0000
q4,a4_nearest_cert,6131.780,0.0500,0.0000
q4,a4_nearest_cert,6304.018,0.0500,0.0000
q4,a4_nearest_cert,6458.360,0.0500,0.0000
q4,a4_nearest_cert,6539.288,0.0500,0.0000
q4,a4_nearest_cert,6620.217,0.0500,0.0000
q4,a4_nearest_cert,6701.145,0.0500,0.0000
q4,a4_nearest_cert,6782.073,0.0500,0.0000
q4,a4_nearest_cert,6863.001,0.0500,0.0000
q4,a4_nearest_cert,6943.929,0.0500,0.0000
q4,a4_nearest_cert,7024.858,0.0500,0.0000
q4,a4_nearest_cert,7105.786,0.0500,0.0000
q4,a4_nearest_cert,7186.714,0.0500,0.0000
q4,a4_nearest_cert,7267.642,0.0500,0.0000
q4,a4_nearest_cert,7348.570,0.0500,0.0000
q4,a4_nearest_cert,7429.499,0.0500,0.0000
q4,a4_nearest_cert,7510.427,0.0500,0.0000
q4,a4_nearest_cert,7591.355,0.0500,0.0000
q4,a4_nearest_cert,7672.283,0.0500,0.0000
q4,a4_nearest_cert,7753.212,0.0500,0.0000
q4,a4_nearest_cert,7834.140,0.0500,0.0000
q4,a4_nearest_cert,7915.068,0.0500,0.0000
q4,a4_nearest_cert,7995.996,0.0500,0.0000
q4,a4_nearest_cert,8076.924,0.0500,0.0000
q4,a4_nearest_cert,8157.853,0.0500,0.0000
q4,a4_nearest_cert,8238.781,0.0500,0.0000
q4,a4_nearest_cert,8319.709,0.0500,0.0000
q4,a4_nearest_cert,8400.637,0.0500,0.0000
q4,a4_nearest_cert,8481.565,0.0500,0.0000
q4,a4_nearest_cert,8562.494,0.0500,0.0000
q4,a4_nearest_cert,8643.422,0.0500,0.0000
q4,a4_nearest_cert,8724.350,0.0500,0.0000
q4,a4_nearest_cert,8805.278,0.0500,0.0000
q4,a4_nearest_cert,8886.206,0.0500,0.0000
q4,a4_nearest_cert,8967.135,0.0500,0.0000
q4,a4_nearest_cert,9048.063,0.0500,0.0000
q4,a4_nearest_cert,9128.991,0.0500,0.0000
q4,a4_nearest_cert,9209.919,0.0500,0.0000
q4,a4_nearest_cert,9290.847,0.0500,0.0000
q4,a4_nearest_cert,9371.776,0.0500,0.0000
q4,a4_nearest_cert,9452.704,0.0500,0.0000
q4,a4_nearest_cert,9565.364,0.1000,0.0000
q4,a4_nearest_cert,9571.364,0.1000,0.0000
q4,a4_nearest_cert,9799.188,0.1000,0.0000
q4,a4_nearest_cert,9880.116,0.1000,0.0000
q4,a4_nearest_cert,9961.045,0.1000,0.0000
q4,a4_nearest_cert,10041.973,0.1000,0.0000
q4,a4_nearest_cert,10122.901,0.1000,0.0000
q4,a4_nearest_cert,10203.829,0.1000,0.0000
q4,a4_nearest_cert,10284.757,0.1000,0.0000
q4,a4_nearest_cert,10365.686,0.1000,0.0000
q4,a4_nearest_cert,10440.614,0.1000,0.0000
q4,a4_nearest_cert,10515.542,0.1000,0.0000
q4,a4_nearest_cert,10590.470,0.1000,0.0000
q4,a4_nearest_cert,10665.398,0.1000,0.0000
q4,a4_nearest_cert,10754.183,0.1000,0.0000
q4,a4_nearest_cert,10829.111,0.1000,0.0000
q4,a4_nearest_cert,10904.039,0.1000,0.0000
q4,a4_nearest_cert,10978.968,0.1000,0.0000
q4,a4_nearest_cert,11053.896,0.1000,0.0000
q4,a4_nearest_cert,11128.824,0.1000,0.0000
q4,a4_nearest_cert,11203.752,0.1000,0.0000
q4,a4_nearest_cert,11278.680,0.1000,0.0000
q4,a4_nearest_cert,11353.609,0.1000,0.0000
q4,a4_nearest_cert,11428.537,0.1000,0.0000
q4,a4_nearest_cert,11503.465,0.1000,0.0000
q4,a4_nearest_cert,11578.393,0.1000,0.0000
q4,a4_nearest_cert,11653.321,0.1000,0.0000
q4,a4_nearest_cert,11728.250,0.1000,0.0000
q4,a4_nearest_cert,11808.250,0.1000,0.0000
q4,a4_nearest_cert,11883.178,0.1000,0.0000
q4,a4_nearest_cert,11958.106,0.1000,0.0000
q4,a4_nearest_cert,12033.034,0.1000,0.0000
q4,a4_nearest_cert,12107.962,0.1000,0.0000
q4,a4_nearest_cert,12182.891,0.1000,0.0000
q4,a4_nearest_cert,12257.819,0.1000,0.0000
q4,a4_nearest_cert,12332.747,0.1000,0.0000
q4,a4_nearest_cert,12407.675,0.1000,0.0000
q4,a4_nearest_cert,12484.603,0.1500,0.0000
q4,a4_nearest_cert,12490.603,0.1500,0.0000
q4,a4_nearest_cert,12496.603,0.1500,0.0000
q4,a4_nearest_cert,12779.319,0.1500,0.0000
q4,a4_nearest_cert,12785.319,0.1500,0.0000
q4,a4_nearest_cert,12904.839,0.1500,0.0000
q4,a4_nearest_cert,12910.839,0.1500,0.0000
q4,a4_nearest_cert,13216.088,0.1500,0.0000
q4,a4_nearest_cert,13291.016,0.1500,0.0000
q4,a4_nearest_cert,13365.944,0.1500,0.0000
q4,a4_nearest_cert,13440.873,0.1500,0.0000
q4,a4_nearest_cert,13515.801,0.1500,0.0000
q4,a4_nearest_cert,13590.729,0.1500,0.0000
q4,a4_nearest_cert,13670.729,0.1500,0.0000
q4,a4_nearest_cert,13745.657,0.1500,0.0000
q4,a4_nearest_cert,13820.585,0.1500,0.0000
q4,a4_nearest_cert,13895.514,0.1500,0.0000
q4,a4_nearest_cert,13970.442,0.1500,0.0000
q4,a4_nearest_cert,14045.370,0.1500,0.0000
q4,a4_nearest_cert,14120.298,0.1500,0.0000
q4,a4_nearest_cert,14195.226,0.1500,0.0000
q4,a4_nearest_cert,14270.155,0.1500,0.0000
q4,a4_nearest_cert,14345.083,0.1500,0.0000
q4,a4_nearest_cert,14420.011,0.1500,0.0000
q4,a4_nearest_cert,14494.939,0.1500,0.0000
q4,a4_nearest_cert,14569.867,0.1500,0.0000
q4,a4_nearest_cert,14644.796,0.1500,0.0000
q4,a4_nearest_cert,14719.724,0.1500,0.0000
q4,a4_nearest_cert,14794.652,0.1500,0.0000
q4,a4_nearest_cert,14869.580,0.1500,0.0000
q4,a4_nearest_cert,14944.508,0.1500,0.0000
q4,a4_nearest_cert,15019.437,0.1500,0.0000
q4,a4_nearest_cert,15094.365,0.1500,0.0000
q4,a4_nearest_cert,15169.293,0.1500,0.0000
q4,a4_nearest_cert,15244.221,0.1500,0.0000
q4,a4_nearest_cert,15319.150,0.1500,0.0000
q4,a4_nearest_cert,15394.078,0.1500,0.0000
q4,a4_nearest_cert,15469.006,0.1500,0.0000
q4,a4_nearest_cert,15543.934,0.1500,0.0000
q4,a4_nearest_cert,15618.862,0.1500,0.0000
q4,a4_nearest_cert,15693.791,0.1500,0.0000
q4,a4_nearest_cert,15768.719,0.1500,0.0000
q4,a4_nearest_cert,15843.647,0.1500,0.0000
q4,a4_nearest_cert,15918.575,0.1500,0.0000
q4,a4_nearest_cert,15993.503,0.1500,0.0000
q4,a4_nearest_cert,16068.432,0.1500,0.0000
q4,a4_nearest_cert,16143.360,0.1500,0.0000
q4,a4_nearest_cert,16218.288,0.1500,0.0000
q4,a4_nearest_cert,16293.216,0.1500,0.0000
q4,a4_nearest_cert,16368.144,0.1500,0.0000
q4,a4_nearest_cert,16448.144,0.1500,0.0000
q4,a4_nearest_cert,16523.073,0.1500,0.0000
q4,a4_nearest_cert,16598.001,0.1500,0.0000
q4,a4_nearest_cert,16672.929,0.1500,0.0000
q4,a4_nearest_cert,16747.857,0.1500,0.0000
q4,a4_nearest_cert,16822.785,0.1500,0.0000
q4,a4_nearest_cert,16897.714,0.1500,0.0000
q4,a4_nearest_cert,16972.642,0.1500,0.0000
q4,a4_nearest_cert,17047.570,0.1500,0.0000
q4,a4_nearest_cert,17122.498,0.1500,0.0000
q4,a4_nearest_cert,17197.426,0.1500,0.0000
q4,a4_nearest_cert,17272.355,0.1500,0.0000
q4,a4_nearest_cert,17341.283,0.1500,0.0000
q4,a4_nearest_cert,17410.211,0.1500,0.0000
q4,a4_nearest_cert,17479.139,0.1500,0.0000
q4,a4_nearest_cert,17548.067,0.1500,0.0000
q4,a4_nearest_cert,17616.996,0.1500,0.0000
q4,a4_nearest_cert,17685.924,0.1500,0.0000
q4,a4_nearest_cert,17754.852,0.1500,0.0000
q4,a4_nearest_cert,17823.780,0.1500,0.0000
q4,a4_nearest_cert,17894.708,0.2000,0.0000
q4,a4_nearest_cert,17900.708,0.2000,0.0000
q4,a4_nearest_cert,18386.920,0.2000,0.0000
q4,a4_nearest_cert,18481.922,0.2000,0.0000
q4,a4_nearest_cert,18555.923,0.2000,0.0000
q4,a4_nearest_cert,18640.423,0.2000,0.0000
q4,a4_nearest_cert,18711.273,0.2000,0.0000
q4,a4_nearest_cert,18779.197,0.2000,0.0000
q4,a4_nearest_cert,18844.296,0.2000,0.0000
q4,a4_nearest_cert,18913.224,0.2000,0.0000
q4,a4_nearest_cert,18982.153,0.2000,0.0000
q4,a4_nearest_cert,19053.081,0.2500,0.0000
q4,a4_nearest_cert,19199.815,0.2500,0.0000
q4,a4_nearest_cert,19318.836,0.2500,0.0000
q4,a4_nearest_cert,19324.836,0.2500,0.0000
q4,a4_nearest_cert,19437.856,0.3000,0.0000
q4,a4_nearest_cert,19670.140,0.3000,0.0000
q4,a4_nearest_cert,19789.139,0.3000,0.0000
q4,a4_nearest_cert,19866.139,0.3000,0.0000
q4,a4_nearest_cert,19934.139,0.3000,0.0000
q4,a4_nearest_cert,19994.745,0.3500,0.0000
q4,a4_nearest_cert,20094.182,0.3500,0.0000
q4,a4_nearest_cert,20201.056,0.3500,0.0000
q4,a4_nearest_cert,20283.993,0.3500,0.0000
q4,a4_nearest_cert,20358.649,0.3500,0.0000
q4,a4_nearest_cert,20421.578,0.3500,0.0000
q4,a4_nearest_cert,20484.506,0.3500,0.0000
q4,a4_nearest_cert,20547.434,0.3500,0.0000
q4,a4_nearest_cert,20610.362,0.3500,0.0000
q4,a4_nearest_cert,20673.290,0.3500,0.0000
q4,a4_nearest_cert,20736.219,0.3500,0.0000
q4,a4_nearest_cert,20799.147,0.3500,0.0000
q4,a4_nearest_cert,20867.147,0.3500,0.0000
q4,a4_nearest_cert,20935.147,0.3500,0.0000
q4,a4_nearest_cert,20998.075,0.3500,0.0000
q4,a4_nearest_cert,21061.003,0.3500,0.0000
q4,a4_nearest_cert,21123.932,0.3500,0.0000
q4,a4_nearest_cert,21186.860,0.3500,0.0000
q4,a4_nearest_cert,21249.788,0.3500,0.0000
q4,a4_nearest_cert,21312.716,0.3500,0.0000
q4,a4_nearest_cert,21375.644,0.3500,0.0000
q4,a4_nearest_cert,21438.573,0.3500,0.0000
q4,a4_nearest_cert,21503.501,0.4000,0.0000
q4,a4_nearest_cert,21667.324,0.4000,0.0000
q4,a4_nearest_cert,21744.951,0.4000,0.0000
q4,a4_nearest_cert,21811.660,0.4000,0.0000
q4,a4_nearest_cert,21870.342,0.4500,0.0000
q4,a4_nearest_cert,22505.374,0.4500,0.0000
q4,a4_nearest_cert,22570.034,0.4500,0.0000
q4,a4_nearest_cert,22629.694,0.5000,0.0000
q4,a4_nearest_cert,22879.260,0.5000,0.0000
q4,a4_nearest_cert,22974.994,0.5000,0.0000
q4,a4_nearest_cert,23109.536,0.5000,0.0000
q4,a4_nearest_cert,23202.994,0.5000,0.0000
q4,a4_nearest_cert,23268.131,0.5000,0.0000
q4,a4_nearest_cert,23326.335,0.5000,0.0000
q4,a4_nearest_cert,23380.896,0.5000,0.0000
q4,a4_nearest_cert,23434.676,0.5000,0.0000
q4,a4_nearest_cert,23489.667,0.5500,0.0000
q4,a4_nearest_cert,23692.410,0.5500,0.0000
q4,a4_nearest_cert,23746.858,0.5500,0.0000
q4,a4_nearest_cert,23751.858,0.6000,0.0000
q4,a4_nearest_cert,23836.276,0.6000,0.0000
q4,a4_nearest_cert,24073.276,0.6000,0.0000
q4,a4_nearest_cert,24310.276,0.6000,0.0000
q4,a4_nearest_cert,24547.276,0.6000,0.0000
q4,a4_nearest_cert,24784.276,0.6000,0.0000
q4,a4_nearest_cert,25021.276,0.6000,0.0000
q4,a4_nearest_cert,25258.276,0.6000,0.0000
q4,a4_nearest_cert,25495.276,0.6000,0.0000
q4,a4_nearest_cert,25597.849,0.6000,0.0000
q4,a4_nearest_cert,25752.597,0.6000,0.0000
q4,a4_nearest_cert,25851.175,0.6000,0.0000
q4,a4_nearest_cert,25907.864,0.6000,0.0000
q4,a4_nearest_cert,25954.585,0.6500,0.0000
q4,a4_nearest_cert,26063.921,0.6500,0.0000
q4,a4_nearest_cert,26294.921,0.6500,0.0000
q4,a4_nearest_cert,26525.921,0.6500,0.0000
q4,a4_nearest_cert,26756.921,0.6500,0.0000
q4,a4_nearest_cert,26987.921,0.6500,0.0000
q4,a4_nearest_cert,27218.921,0.6500,0.0000
q4,a4_nearest_cert,27449.921,0.6500,0.0408
q4,a4_nearest_cert,27680.921,0.6500,0.0408
q4,a4_nearest_cert,27911.921,0.6500,0.0408
q4,a4_nearest_cert,28142.921,0.6500,0.0408
q4,a4_nearest_cert,28373.921,0.6500,0.0408
q4,a4_nearest_cert,28604.921,0.6500,0.0408
q4,a4_nearest_cert,28975.011,0.6500,0.0408
q4,a4_nearest_cert,29206.011,0.6500,0.0816
q4,a4_nearest_cert,29437.011,0.6500,0.0816
q4,a4_nearest_cert,29668.011,0.6500,0.0816
q4,a4_nearest_cert,29899.011,0.6500,0.0816
q4,a4_nearest_cert,30130.011,0.6500,0.0816
q4,a4_nearest_cert,30361.011,0.6500,0.0816
q4,a4_nearest_cert,30904.703,0.6500,0.0816
q4,a4_nearest_cert,31135.703,0.6500,0.0816
q4,a4_nearest_cert,31505.793,1.0000,
